{
  "ID": "66dc5c9f-ee12-4315-9aae-eda0ac4e6718",
  "Version": "2.3.4",
  "Name": "selectShare",
  "Content": {
    "Content": {
      "Animation": {
        "Duration": 0,
        "Speed": 1.0,
        "Timelines": [],
        "ctype": "TimelineActionData"
      },
      "AnimationList": [],
      "ObjectData": {
        "Tag": 340,
        "Size": {
          "X": 1280.0,
          "Y": 720.0
        },
        "Name": "Scene",
        "ctype": "SingleNodeObjectData"
      },
      "UsedResources": [],
      "ctype": "GameFileData"
    }
  },
  "Type": "Scene"
}