{
  "ID": "3aa0afd8-5cf3-4aed-b008-29e10512a43a",
  "Version": "2.3.4",
  "Name": "act2",
  "Content": {
    "Content": {
      "Animation": {
        "Duration": 0,
        "Speed": 1.0,
        "Timelines": [],
        "ctype": "TimelineActionData"
      },
      "AnimationList": [],
      "ObjectData": {
        "Tag": 151,
        "Children": [
          {
            "ClipAble": false,
            "BackColorAlpha": 0,
            "ComboBoxIndex": 1,
            "SingleColor": {
              "R": 150,
              "G": 200
            },
            "FirstColor": {
              "R": 150,
              "G": 200
            },
            "EndColor": {},
            "ColorVector": {
              "ScaleY": 1.0
            },
            "Scale9Width": 1,
            "Scale9Height": 1,
            "TouchEnable": true,
            "AnchorPoint": {},
            "Position": {
              "X": 1.6309,
              "Y": -3.2628
            },
            "Scale": {
              "ScaleX": 1.0,
              "ScaleY": 1.0
            },
            "CColor": {},
            "IconVisible": false,
            "PrePosition": {
              "X": 0.0017,
              "Y": -0.006
            },
            "PreSize": {
              "X": 0.9979,
              "Y": 1.0
            },
            "LeftMargin": 1.6309,
            "RightMargin": 0.3691,
            "TopMargin": 3.2628,
            "BottomMargin": -3.2628,
            "Tag": 153,
            "Children": [
              {
                "FileData": {
                  "Type": "Normal",
                  "Path": "Activitys/act1/xin_07.png",
                  "Plist": ""
                },
                "Scale9OriginX": 319,
                "Scale9OriginY": 147,
                "Scale9Width": 330,
                "Scale9Height": 154,
                "AnchorPoint": {
                  "ScaleX": 0.5,
                  "ScaleY": 0.5
                },
                "Position": {
                  "X": 482.7643,
                  "Y": 310.3245
                },
                "Scale": {
                  "ScaleX": 1.0,
                  "ScaleY": 1.0
                },
                "CColor": {},
                "IconVisible": false,
                "PrePosition": {
                  "X": 0.4987,
                  "Y": 0.5747
                },
                "PreSize": {
                  "X": 1.0,
                  "Y": 0.8296
                },
                "LeftMargin": -1.2357,
                "RightMargin": 1.2357,
                "TopMargin": 5.6755,
                "BottomMargin": 86.3245,
                "Tag": 156,
                "Children": [
                  {
                    "FileData": {
                      "Type": "Normal",
                      "Path": "Activitys/act1/Compensate.png",
                      "Plist": ""
                    },
                    "Scale9OriginX": 53,
                    "Scale9OriginY": 15,
                    "Scale9Width": 55,
                    "Scale9Height": 17,
                    "AnchorPoint": {
                      "ScaleX": 0.5,
                      "ScaleY": 0.5
                    },
                    "Position": {
                      "X": 484.0,
                      "Y": 413.1904
                    },
                    "Scale": {
                      "ScaleX": 1.0,
                      "ScaleY": 1.0
                    },
                    "CColor": {},
                    "IconVisible": false,
                    "PositionPercentXEnabled": true,
                    "PositionPercentYEnabled": true,
                    "PrePosition": {
                      "X": 0.5,
                      "Y": 0.9223
                    },
                    "PreSize": {
                      "X": 0.1663,
                      "Y": 0.1049
                    },
                    "LeftMargin": 403.5,
                    "RightMargin": 403.5,
                    "TopMargin": 11.3096,
                    "BottomMargin": 389.6904,
                    "Tag": 154,
                    "ActionTag": -235235624,
                    "Size": {
                      "X": 161.0,
                      "Y": 47.0
                    },
                    "Name": "title",
                    "ctype": "ImageViewObjectData"
                  },
                  {
                    "FontSize": 28,
                    "IsCustomSize": true,
                    "LabelText": "维护补偿！",
                    "PlaceHolderText": "",
                    "MaxLengthText": 10,
                    "AnchorPoint": {
                      "ScaleX": 0.5,
                      "ScaleY": 0.5
                    },
                    "Position": {
                      "X": 484.6661,
                      "Y": 222.4472
                    },
                    "Scale": {
                      "ScaleX": 1.0,
                      "ScaleY": 1.0
                    },
                    "CColor": {
                      "R": 245,
                      "G": 204,
                      "B": 174
                    },
                    "IconVisible": false,
                    "PrePosition": {
                      "X": 0.5007,
                      "Y": 0.4965
                    },
                    "PreSize": {
                      "X": 0.9298,
                      "Y": 0.7366
                    },
                    "LeftMargin": 34.6661,
                    "RightMargin": 33.3339,
                    "TopMargin": 60.5528,
                    "BottomMargin": 57.4472,
                    "Tag": 155,
                    "ActionTag": -746841390,
                    "Size": {
                      "X": 900.0,
                      "Y": 330.0
                    },
                    "Alpha": 184,
                    "Name": "NoticeText",
                    "ctype": "TextFieldObjectData"
                  },
                  {
                    "FontSize": 30,
                    "LabelText": "领取时间",
                    "OutlineColor": {
                      "G": 0,
                      "B": 0
                    },
                    "ShadowColor": {
                      "R": 110,
                      "G": 110,
                      "B": 110
                    },
                    "ShadowOffsetX": 2.0,
                    "ShadowOffsetY": -2.0,
                    "AnchorPoint": {
                      "ScaleX": 0.5,
                      "ScaleY": 0.5
                    },
                    "Position": {
                      "X": 268.9863,
                      "Y": 31.6882
                    },
                    "Scale": {
                      "ScaleX": 1.0,
                      "ScaleY": 1.0
                    },
                    "CColor": {
                      "R": 245,
                      "G": 204,
                      "B": 174
                    },
                    "IconVisible": false,
                    "PrePosition": {
                      "X": 0.2779,
                      "Y": 0.0707
                    },
                    "PreSize": {
                      "X": 0.124,
                      "Y": 0.067
                    },
                    "LeftMargin": 208.9863,
                    "RightMargin": 639.0137,
                    "TopMargin": 401.3118,
                    "BottomMargin": 16.6882,
                    "Tag": 157,
                    "Children": [
                      {
                        "IsCustomSize": true,
                        "FontSize": 28,
                        "LabelText": "2016-07-30",
                        "OutlineColor": {
                          "G": 0,
                          "B": 0
                        },
                        "ShadowColor": {
                          "R": 110,
                          "G": 110,
                          "B": 110
                        },
                        "ShadowOffsetX": 2.0,
                        "ShadowOffsetY": -2.0,
                        "AnchorPoint": {
                          "ScaleX": 0.5,
                          "ScaleY": 0.5
                        },
                        "Position": {
                          "X": 226.9479,
                          "Y": 16.5354
                        },
                        "Scale": {
                          "ScaleX": 1.0,
                          "ScaleY": 1.0
                        },
                        "CColor": {
                          "R": 245,
                          "G": 204,
                          "B": 174
                        },
                        "IconVisible": false,
                        "PrePosition": {
                          "X": 1.8912,
                          "Y": 0.5512
                        },
                        "PreSize": {
                          "X": 1.5,
                          "Y": 0.9333
                        },
                        "LeftMargin": 136.9479,
                        "RightMargin": -196.9479,
                        "TopMargin": -0.5354,
                        "BottomMargin": 2.5354,
                        "Tag": 158,
                        "ActionTag": -865892496,
                        "Size": {
                          "X": 180.0,
                          "Y": 28.0
                        },
                        "Name": "beganTimeText",
                        "ctype": "TextObjectData"
                      },
                      {
                        "IsCustomSize": true,
                        "FontSize": 28,
                        "LabelText": "2016-08-30",
                        "OutlineColor": {
                          "G": 0,
                          "B": 0
                        },
                        "ShadowColor": {
                          "R": 110,
                          "G": 110,
                          "B": 110
                        },
                        "ShadowOffsetX": 2.0,
                        "ShadowOffsetY": -2.0,
                        "AnchorPoint": {
                          "ScaleX": 0.5,
                          "ScaleY": 0.5
                        },
                        "Position": {
                          "X": 470.9183,
                          "Y": 16.9862
                        },
                        "Scale": {
                          "ScaleX": 1.0,
                          "ScaleY": 1.0
                        },
                        "CColor": {
                          "R": 245,
                          "G": 204,
                          "B": 174
                        },
                        "IconVisible": false,
                        "PrePosition": {
                          "X": 3.9243,
                          "Y": 0.5662
                        },
                        "PreSize": {
                          "X": 1.5,
                          "Y": 0.9333
                        },
                        "LeftMargin": 380.9183,
                        "RightMargin": -440.9183,
                        "TopMargin": -0.9862,
                        "BottomMargin": 2.9862,
                        "Tag": 159,
                        "ActionTag": -1504091546,
                        "Size": {
                          "X": 180.0,
                          "Y": 28.0
                        },
                        "Name": "endTimeText",
                        "ctype": "TextObjectData"
                      },
                      {
                        "IsCustomSize": true,
                        "FontSize": 30,
                        "LabelText": "到",
                        "HorizontalAlignmentType": "HT_Center",
                        "OutlineColor": {
                          "G": 0,
                          "B": 0
                        },
                        "ShadowColor": {
                          "R": 110,
                          "G": 110,
                          "B": 110
                        },
                        "ShadowOffsetX": 2.0,
                        "ShadowOffsetY": -2.0,
                        "AnchorPoint": {
                          "ScaleX": 0.5,
                          "ScaleY": 0.5
                        },
                        "Position": {
                          "X": 327.6088,
                          "Y": 14.7873
                        },
                        "Scale": {
                          "ScaleX": 1.0,
                          "ScaleY": 1.0
                        },
                        "CColor": {
                          "R": 245,
                          "G": 204,
                          "B": 174
                        },
                        "IconVisible": false,
                        "PrePosition": {
                          "X": 2.7301,
                          "Y": 0.4929
                        },
                        "PreSize": {
                          "X": 0.6667,
                          "Y": 0.9333
                        },
                        "LeftMargin": 287.6088,
                        "RightMargin": -247.6088,
                        "TopMargin": 1.2127,
                        "BottomMargin": 0.7873,
                        "Tag": 160,
                        "ActionTag": 1713585304,
                        "Size": {
                          "X": 80.0,
                          "Y": 28.0
                        },
                        "Name": "and",
                        "ctype": "TextObjectData"
                      }
                    ],
                    "ActionTag": -600222497,
                    "Size": {
                      "X": 120.0,
                      "Y": 30.0
                    },
                    "Name": "actionTime",
                    "ctype": "TextObjectData"
                  }
                ],
                "ActionTag": -1823416009,
                "Size": {
                  "X": 968.0,
                  "Y": 448.0
                },
                "Name": "newsBackground",
                "ctype": "ImageViewObjectData"
              },
              {
                "FileData": {
                  "Type": "Normal",
                  "Path": "Activitys/act1/diamond.png",
                  "Plist": ""
                },
                "Scale9OriginX": 54,
                "Scale9OriginY": 73,
                "Scale9Width": 57,
                "Scale9Height": 77,
                "AnchorPoint": {
                  "ScaleX": 0.5,
                  "ScaleY": 0.5
                },
                "Position": {
                  "X": 248.9681,
                  "Y": 45.9755
                },
                "Scale": {
                  "ScaleX": 0.5,
                  "ScaleY": 0.5
                },
                "CColor": {},
                "IconVisible": false,
                "PrePosition": {
                  "X": 0.2572,
                  "Y": 0.0851
                },
                "PreSize": {
                  "X": 0.1705,
                  "Y": 0.413
                },
                "LeftMargin": 166.4681,
                "RightMargin": 636.5319,
                "TopMargin": 382.5245,
                "BottomMargin": -65.5245,
                "Tag": 161,
                "ActionTag": 1688895428,
                "Size": {
                  "X": 165.0,
                  "Y": 223.0
                },
                "Name": "diamond",
                "ctype": "ImageViewObjectData"
              },
              {
                "IsCustomSize": true,
                "FontSize": 35,
                "LabelText": "X",
                "OutlineColor": {
                  "G": 0,
                  "B": 0
                },
                "ShadowColor": {
                  "R": 110,
                  "G": 110,
                  "B": 110
                },
                "ShadowOffsetX": 2.0,
                "ShadowOffsetY": -2.0,
                "AnchorPoint": {
                  "ScaleX": 0.5,
                  "ScaleY": 0.5
                },
                "Position": {
                  "X": 298.3397,
                  "Y": 37.8545
                },
                "Scale": {
                  "ScaleX": 1.0,
                  "ScaleY": 1.0
                },
                "CColor": {
                  "R": 245,
                  "G": 204,
                  "B": 174
                },
                "IconVisible": false,
                "PrePosition": {
                  "X": 0.3082,
                  "Y": 0.0701
                },
                "PreSize": {
                  "X": 0.0186,
                  "Y": 0.0648
                },
                "LeftMargin": 289.3397,
                "RightMargin": 660.6603,
                "TopMargin": 484.6455,
                "BottomMargin": 20.3545,
                "Tag": 170,
                "ActionTag": -29421944,
                "Size": {
                  "X": 18.0,
                  "Y": 35.0
                },
                "Name": "X",
                "ctype": "TextObjectData"
              },
              {
                "IsCustomSize": true,
                "FontSize": 35,
                "LabelText": "10000",
                "OutlineColor": {
                  "G": 0,
                  "B": 0
                },
                "ShadowColor": {
                  "R": 110,
                  "G": 110,
                  "B": 110
                },
                "ShadowOffsetX": 2.0,
                "ShadowOffsetY": -2.0,
                "AnchorPoint": {
                  "ScaleX": 0.5,
                  "ScaleY": 0.5
                },
                "Position": {
                  "X": 412.6033,
                  "Y": 37.9052
                },
                "Scale": {
                  "ScaleX": 1.0,
                  "ScaleY": 1.0
                },
                "CColor": {
                  "R": 245,
                  "G": 204,
                  "B": 174
                },
                "IconVisible": false,
                "PrePosition": {
                  "X": 0.4262,
                  "Y": 0.0702
                },
                "PreSize": {
                  "X": 0.186,
                  "Y": 0.0648
                },
                "LeftMargin": 322.6033,
                "RightMargin": 465.3967,
                "TopMargin": 484.5948,
                "BottomMargin": 20.4052,
                "Tag": 171,
                "ActionTag": 761497420,
                "Size": {
                  "X": 180.0,
                  "Y": 35.0
                },
                "Name": "diamondNumber",
                "ctype": "TextObjectData"
              },
              {
                "FontSize": 14,
                "ButtonText": "",
                "TextColor": {
                  "R": 65,
                  "G": 65,
                  "B": 70
                },
                "DisabledFileData": {
                  "Type": "Normal",
                  "Path": "Activitys/act1/xin_18.png",
                  "Plist": ""
                },
                "PressedFileData": {
                  "Type": "Normal",
                  "Path": "Activitys/act1/xin_19.png",
                  "Plist": ""
                },
                "NormalFileData": {
                  "Type": "Normal",
                  "Path": "Activitys/act1/xin_17.png",
                  "Plist": ""
                },
                "Scale9Enable": true,
                "Scale9OriginX": 15,
                "Scale9OriginY": 11,
                "Scale9Width": 192,
                "Scale9Height": 77,
                "OutlineColor": {
                  "G": 0,
                  "B": 0
                },
                "ShadowColor": {
                  "R": 110,
                  "G": 110,
                  "B": 110
                },
                "ShadowOffsetX": 2.0,
                "ShadowOffsetY": -2.0,
                "TouchEnable": true,
                "AnchorPoint": {
                  "ScaleX": 0.5,
                  "ScaleY": 0.5
                },
                "Position": {
                  "X": 563.938,
                  "Y": 35.2172
                },
                "Scale": {
                  "ScaleX": 0.8,
                  "ScaleY": 0.8
                },
                "CColor": {},
                "IconVisible": false,
                "PrePosition": {
                  "X": 0.5826,
                  "Y": 0.0652
                },
                "PreSize": {
                  "X": 0.2293,
                  "Y": 0.1833
                },
                "LeftMargin": 452.938,
                "RightMargin": 293.062,
                "TopMargin": 455.2828,
                "BottomMargin": -14.2828,
                "Tag": 164,
                "ActionTag": 1594587655,
                "Size": {
                  "X": 222.0,
                  "Y": 99.0
                },
                "Name": "getRewardBtn",
                "ctype": "ButtonObjectData"
              }
            ],
            "ActionTag": 918031144,
            "Size": {
              "X": 968.0,
              "Y": 540.0
            },
            "Name": "panel_2",
            "ctype": "PanelObjectData"
          }
        ],
        "Size": {
          "X": 970.0,
          "Y": 540.0
        },
        "Name": "Layer",
        "ctype": "LayerObjectData"
      },
      "UsedResources": [
        "Activitys/act1/Compensate.png",
        "Activitys/act1/diamond.png",
        "Activitys/act1/xin_07.png",
        "Activitys/act1/xin_17.png",
        "Activitys/act1/xin_18.png",
        "Activitys/act1/xin_19.png"
      ],
      "ctype": "GameFileData"
    }
  },
  "Type": "Layer"
}