{
  "ID": "ba5d3ff2-2add-48a9-bcc6-f3e59cb9dc66",
  "Version": "2.3.4",
  "Name": "endOne",
  "Content": {
    "Content": {
      "Animation": {
        "Duration": 0,
        "Speed": 1.0,
        "Timelines": [],
        "ctype": "TimelineActionData"
      },
      "AnimationList": [],
      "ObjectData": {
        "Tag": 1208,
        "Children": [
          {
            "FileData": {
              "Type": "Normal",
              "Path": "settlement/Z_jiesuanditu.png",
              "Plist": ""
            },
            "Scale9OriginX": 422,
            "Scale9OriginY": 237,
            "Scale9Width": 436,
            "Scale9Height": 246,
            "TouchEnable": true,
            "AnchorPoint": {
              "ScaleX": 0.5,
              "ScaleY": 0.5
            },
            "Position": {
              "X": 640.0,
              "Y": 360.0
            },
            "Scale": {
              "ScaleX": 1.0,
              "ScaleY": 1.0
            },
            "CColor": {},
            "IconVisible": false,
            "PrePosition": {
              "X": 0.5,
              "Y": 0.5
            },
            "PreSize": {
              "X": 1.0,
              "Y": 1.0
            },
            "Tag": 1595,
            "ActionTag": 755369775,
            "Size": {
              "X": 1280.0,
              "Y": 720.0
            },
            "Name": "back",
            "ctype": "ImageViewObjectData"
          },
          {
            "FileData": {
              "Type": "Normal",
              "Path": "png/pingju.png",
              "Plist": ""
            },
            "Scale9OriginX": 40,
            "Scale9OriginY": 20,
            "Scale9Width": 43,
            "Scale9Height": 21,
            "AnchorPoint": {
              "ScaleX": 0.5,
              "ScaleY": 0.5
            },
            "Position": {
              "X": 618.031,
              "Y": 678.5089
            },
            "Scale": {
              "ScaleX": 1.0,
              "ScaleY": 1.0
            },
            "CColor": {},
            "IconVisible": false,
            "PrePosition": {
              "X": 0.4828,
              "Y": 0.9424
            },
            "PreSize": {
              "X": 0.0961,
              "Y": 0.0847
            },
            "LeftMargin": 556.531,
            "RightMargin": 600.469,
            "TopMargin": 10.9911,
            "BottomMargin": 648.0089,
            "Tag": 193,
            "ActionTag": 1363961579,
            "Size": {
              "X": 123.0,
              "Y": 61.0
            },
            "Name": "pingju",
            "ctype": "ImageViewObjectData"
          },
          {
            "FileData": {
              "Type": "Normal",
              "Path": "settlement/Z_you_win.png",
              "Plist": ""
            },
            "Scale9OriginX": 83,
            "Scale9OriginY": 20,
            "Scale9Width": 86,
            "Scale9Height": 22,
            "AnchorPoint": {
              "ScaleX": 0.5,
              "ScaleY": 0.5
            },
            "Position": {
              "X": 642.2214,
              "Y": 680.4865
            },
            "Scale": {
              "ScaleX": 1.0,
              "ScaleY": 1.0
            },
            "CColor": {},
            "IconVisible": false,
            "PrePosition": {
              "X": 0.5017,
              "Y": 0.9451
            },
            "PreSize": {
              "X": 0.1969,
              "Y": 0.0861
            },
            "LeftMargin": 516.2214,
            "RightMargin": 511.7786,
            "TopMargin": 8.5135,
            "BottomMargin": 649.4865,
            "Tag": 32,
            "ActionTag": 1532775348,
            "Size": {
              "X": 252.0,
              "Y": 62.0
            },
            "Name": "wintitle",
            "ctype": "ImageViewObjectData"
          },
          {
            "FileData": {
              "Type": "Normal",
              "Path": "settlement/Z_nishul.png",
              "Plist": ""
            },
            "Scale9OriginX": 83,
            "Scale9OriginY": 20,
            "Scale9Width": 86,
            "Scale9Height": 23,
            "AnchorPoint": {
              "ScaleX": 0.5,
              "ScaleY": 0.5
            },
            "Position": {
              "X": 643.9899,
              "Y": 680.9575
            },
            "Scale": {
              "ScaleX": 1.0,
              "ScaleY": 1.0
            },
            "CColor": {},
            "IconVisible": false,
            "PrePosition": {
              "X": 0.5031,
              "Y": 0.9458
            },
            "PreSize": {
              "X": 0.1969,
              "Y": 0.0875
            },
            "LeftMargin": 517.9899,
            "RightMargin": 510.0101,
            "TopMargin": 7.5425,
            "BottomMargin": 649.4575,
            "Tag": 33,
            "ActionTag": -1220198537,
            "Size": {
              "X": 252.0,
              "Y": 63.0
            },
            "Name": "losetitle",
            "ctype": "ImageViewObjectData"
          },
          {
            "FontSize": 14,
            "ButtonText": "",
            "TextColor": {
              "R": 65,
              "G": 65,
              "B": 70
            },
            "DisabledFileData": {
              "Type": "Default",
              "Path": "Default/Button_Disable.png",
              "Plist": ""
            },
            "PressedFileData": {
              "Type": "Normal",
              "Path": "png/Z_fenxiangdianji.png",
              "Plist": ""
            },
            "NormalFileData": {
              "Type": "Normal",
              "Path": "png/Z_fenxiang.png",
              "Plist": ""
            },
            "Scale9Enable": true,
            "Scale9OriginX": 15,
            "Scale9OriginY": 11,
            "Scale9Width": 147,
            "Scale9Height": 30,
            "OutlineColor": {
              "G": 0,
              "B": 0
            },
            "ShadowColor": {
              "R": 110,
              "G": 110,
              "B": 110
            },
            "ShadowOffsetX": 2.0,
            "ShadowOffsetY": -2.0,
            "TouchEnable": true,
            "AnchorPoint": {
              "ScaleX": 0.5,
              "ScaleY": 0.5
            },
            "Position": {
              "X": 516.9613,
              "Y": 39.7083
            },
            "Scale": {
              "ScaleX": 1.0,
              "ScaleY": 1.0
            },
            "CColor": {},
            "IconVisible": false,
            "PrePosition": {
              "X": 0.4039,
              "Y": 0.0552
            },
            "PreSize": {
              "X": 0.1383,
              "Y": 0.0722
            },
            "LeftMargin": 428.4613,
            "RightMargin": 674.5387,
            "TopMargin": 654.2917,
            "BottomMargin": 13.7083,
            "Tag": 1596,
            "ActionTag": -600402216,
            "Size": {
              "X": 177.0,
              "Y": 52.0
            },
            "Name": "share",
            "ctype": "ButtonObjectData"
          },
          {
            "FontSize": 14,
            "ButtonText": "",
            "TextColor": {
              "R": 65,
              "G": 65,
              "B": 70
            },
            "DisabledFileData": {
              "Type": "Default",
              "Path": "Default/Button_Disable.png",
              "Plist": ""
            },
            "PressedFileData": {
              "Type": "Normal",
              "Path": "png/Z_zhunbei2dianji.png",
              "Plist": ""
            },
            "NormalFileData": {
              "Type": "Normal",
              "Path": "png/Z_zhunbei2.png",
              "Plist": ""
            },
            "Scale9Enable": true,
            "Scale9OriginX": 15,
            "Scale9OriginY": 11,
            "Scale9Width": 147,
            "Scale9Height": 30,
            "OutlineColor": {
              "G": 0,
              "B": 0
            },
            "ShadowColor": {
              "R": 110,
              "G": 110,
              "B": 110
            },
            "ShadowOffsetX": 2.0,
            "ShadowOffsetY": -2.0,
            "TouchEnable": true,
            "AnchorPoint": {
              "ScaleX": 0.5,
              "ScaleY": 0.5
            },
            "Position": {
              "X": 789.8156,
              "Y": 37.8392
            },
            "Scale": {
              "ScaleX": 1.0,
              "ScaleY": 1.0
            },
            "CColor": {},
            "IconVisible": false,
            "PrePosition": {
              "X": 0.617,
              "Y": 0.0526
            },
            "PreSize": {
              "X": 0.1383,
              "Y": 0.0722
            },
            "LeftMargin": 701.3156,
            "RightMargin": 401.6844,
            "TopMargin": 656.1608,
            "BottomMargin": 11.8392,
            "Tag": 1597,
            "ActionTag": 294184368,
            "Size": {
              "X": 177.0,
              "Y": 52.0
            },
            "Name": "ready",
            "ctype": "ButtonObjectData"
          },
          {
            "AnchorPoint": {},
            "Position": {
              "X": 0.0,
              "Y": 0.0
            },
            "Scale": {
              "ScaleX": 1.0,
              "ScaleY": 1.0
            },
            "CColor": {},
            "IconVisible": true,
            "PrePosition": {
              "X": 0.0,
              "Y": 0.0
            },
            "PreSize": {
              "X": 0.0,
              "Y": 0.0
            },
            "RightMargin": 1280.0,
            "TopMargin": 720.0,
            "Tag": 585,
            "Children": [
              {
                "FontSize": 24,
                "LabelText": "+10000",
                "OutlineColor": {
                  "G": 0,
                  "B": 0
                },
                "ShadowColor": {
                  "R": 110,
                  "G": 110,
                  "B": 110
                },
                "ShadowOffsetX": 2.0,
                "ShadowOffsetY": -2.0,
                "AnchorPoint": {
                  "ScaleX": 0.5,
                  "ScaleY": 0.5
                },
                "Position": {
                  "X": 1003.4892,
                  "Y": 556.6485
                },
                "Scale": {
                  "ScaleX": 1.0,
                  "ScaleY": 1.0
                },
                "CColor": {
                  "G": 204,
                  "B": 113
                },
                "IconVisible": false,
                "PrePosition": {
                  "X": 0.0,
                  "Y": 0.0
                },
                "PreSize": {
                  "X": 0.0,
                  "Y": 0.0
                },
                "LeftMargin": 967.4892,
                "RightMargin": -1039.4893,
                "TopMargin": -568.6485,
                "BottomMargin": 544.6485,
                "Tag": 1607,
                "Children": [
                  {
                    "FileData": {
                      "Type": "Normal",
                      "Path": "setting/endone_hu.png",
                      "Plist": ""
                    },
                    "Scale9OriginX": 47,
                    "Scale9OriginY": 38,
                    "Scale9Width": 49,
                    "Scale9Height": 40,
                    "AnchorPoint": {
                      "ScaleX": 0.5,
                      "ScaleY": 0.5
                    },
                    "Position": {
                      "X": 86.8,
                      "Y": 6.91
                    },
                    "Scale": {
                      "ScaleX": 0.8,
                      "ScaleY": 0.8
                    },
                    "CColor": {},
                    "IconVisible": false,
                    "PrePosition": {
                      "X": 1.2056,
                      "Y": 0.2879
                    },
                    "PreSize": {
                      "X": 1.9861,
                      "Y": 4.8333
                    },
                    "LeftMargin": 15.3,
                    "RightMargin": -86.3,
                    "TopMargin": -40.91,
                    "BottomMargin": -51.09,
                    "Tag": 203,
                    "ActionTag": 1121187918,
                    "Size": {
                      "X": 143.0,
                      "Y": 116.0
                    },
                    "Name": "hu",
                    "ctype": "ImageViewObjectData"
                  }
                ],
                "ActionTag": -1168802329,
                "Size": {
                  "X": 72.0,
                  "Y": 24.0
                },
                "Name": "winNum",
                "ctype": "TextObjectData"
              },
              {
                "FileData": {
                  "Type": "Normal",
                  "Path": "playing/other/Z_user.png",
                  "Plist": ""
                },
                "BlendFunc": {
                  "Src": 1,
                  "Dst": 771
                },
                "AnchorPoint": {
                  "ScaleX": 0.5,
                  "ScaleY": 0.5
                },
                "Position": {
                  "X": 136.3898,
                  "Y": 537.2825
                },
                "Scale": {
                  "ScaleX": 1.0,
                  "ScaleY": 1.0
                },
                "CColor": {},
                "IconVisible": false,
                "PrePosition": {
                  "X": 0.0,
                  "Y": 0.0
                },
                "PreSize": {
                  "X": 0.0,
                  "Y": 0.0
                },
                "LeftMargin": 88.3898,
                "RightMargin": -184.3898,
                "TopMargin": -585.7825,
                "BottomMargin": 488.7825,
                "Tag": 1598,
                "Children": [
                  {
                    "FileData": {
                      "Type": "Normal",
                      "Path": "png/Z_zhuang.png",
                      "Plist": ""
                    },
                    "BlendFunc": {
                      "Src": 1,
                      "Dst": 771
                    },
                    "AnchorPoint": {
                      "ScaleX": 0.5,
                      "ScaleY": 0.5
                    },
                    "Position": {
                      "X": 10.7876,
                      "Y": 20.2265
                    },
                    "Scale": {
                      "ScaleX": 1.0,
                      "ScaleY": 1.0
                    },
                    "CColor": {},
                    "IconVisible": false,
                    "PrePosition": {
                      "X": 0.1124,
                      "Y": 0.2085
                    },
                    "PreSize": {
                      "X": 0.4271,
                      "Y": 0.299
                    },
                    "LeftMargin": -9.7124,
                    "RightMargin": 64.7124,
                    "TopMargin": 62.2735,
                    "BottomMargin": 5.7265,
                    "Tag": 172,
                    "ActionTag": 107729654,
                    "Size": {
                      "X": 41.0,
                      "Y": 29.0
                    },
                    "Name": "zhuang",
                    "ctype": "SpriteObjectData"
                  },
                  {
                    "FontSize": 24,
                    "LabelText": "姓名姓名姓名姓名",
                    "OutlineColor": {
                      "G": 0,
                      "B": 0
                    },
                    "ShadowColor": {
                      "R": 110,
                      "G": 110,
                      "B": 110
                    },
                    "ShadowOffsetX": 2.0,
                    "ShadowOffsetY": -2.0,
                    "AnchorPoint": {
                      "ScaleX": 0.5,
                      "ScaleY": 0.5
                    },
                    "Position": {
                      "X": 207.463,
                      "Y": 86.1349
                    },
                    "Scale": {
                      "ScaleX": 1.0,
                      "ScaleY": 1.0
                    },
                    "CColor": {
                      "G": 212,
                      "B": 119
                    },
                    "IconVisible": false,
                    "PrePosition": {
                      "X": 2.1611,
                      "Y": 0.888
                    },
                    "PreSize": {
                      "X": 2.0,
                      "Y": 0.2474
                    },
                    "LeftMargin": 111.463,
                    "RightMargin": -207.463,
                    "TopMargin": -1.1349,
                    "BottomMargin": 74.1349,
                    "Tag": 1599,
                    "ActionTag": 2052780396,
                    "Size": {
                      "X": 192.0,
                      "Y": 24.0
                    },
                    "Name": "name",
                    "ctype": "TextObjectData"
                  },
                  {
                    "FileData": {
                      "Type": "Normal",
                      "Path": "playing/MJ/Mj_up_0.png",
                      "Plist": ""
                    },
                    "Scale9OriginX": 11,
                    "Scale9OriginY": 18,
                    "Scale9Width": 83,
                    "Scale9Height": 122,
                    "AnchorPoint": {
                      "ScaleX": 0.5,
                      "ScaleY": 0.5
                    },
                    "Position": {
                      "X": 134.0001,
                      "Y": 27.6078
                    },
                    "Scale": {
                      "ScaleX": 0.35,
                      "ScaleY": 0.35
                    },
                    "CColor": {},
                    "IconVisible": false,
                    "PrePosition": {
                      "X": 1.3958,
                      "Y": 0.2846
                    },
                    "PreSize": {
                      "X": 1.0938,
                      "Y": 1.6289
                    },
                    "LeftMargin": 81.5001,
                    "RightMargin": -90.5001,
                    "TopMargin": -9.6078,
                    "BottomMargin": -51.3922,
                    "Tag": 1604,
                    "ActionTag": 1475567104,
                    "Size": {
                      "X": 105.0,
                      "Y": 158.0
                    },
                    "Name": "up",
                    "ctype": "ImageViewObjectData"
                  },
                  {
                    "FontSize": 24,
                    "LabelText": "清一色清一色清一色清一色色清一色一色",
                    "OutlineColor": {
                      "G": 0,
                      "B": 0
                    },
                    "ShadowColor": {
                      "R": 110,
                      "G": 110,
                      "B": 110
                    },
                    "ShadowOffsetX": 2.0,
                    "ShadowOffsetY": -2.0,
                    "AnchorPoint": {
                      "ScaleX": 0.5,
                      "ScaleY": 0.5
                    },
                    "Position": {
                      "X": 529.1901,
                      "Y": 85.8143
                    },
                    "Scale": {
                      "ScaleX": 1.0,
                      "ScaleY": 1.0
                    },
                    "CColor": {
                      "G": 254,
                      "B": 248
                    },
                    "IconVisible": false,
                    "PrePosition": {
                      "X": 5.5124,
                      "Y": 0.8847
                    },
                    "PreSize": {
                      "X": 4.5,
                      "Y": 0.2474
                    },
                    "LeftMargin": 313.1901,
                    "RightMargin": -649.1901,
                    "TopMargin": -0.8143,
                    "BottomMargin": 73.8143,
                    "Tag": 1605,
                    "ActionTag": 2026398694,
                    "Size": {
                      "X": 432.0,
                      "Y": 24.0
                    },
                    "Name": "cardType",
                    "ctype": "TextObjectData"
                  },
                  {
                    "FontSize": 24,
                    "LabelText": "4番4番",
                    "OutlineColor": {
                      "G": 0,
                      "B": 0
                    },
                    "ShadowColor": {
                      "R": 110,
                      "G": 110,
                      "B": 110
                    },
                    "ShadowOffsetX": 2.0,
                    "ShadowOffsetY": -2.0,
                    "AnchorPoint": {
                      "ScaleX": 0.5,
                      "ScaleY": 0.5
                    },
                    "Position": {
                      "X": 672.7235,
                      "Y": 86.1805
                    },
                    "Scale": {
                      "ScaleX": 1.0,
                      "ScaleY": 1.0
                    },
                    "CColor": {
                      "G": 254,
                      "B": 248
                    },
                    "IconVisible": false,
                    "PrePosition": {
                      "X": 7.0075,
                      "Y": 0.8885
                    },
                    "PreSize": {
                      "X": 0.75,
                      "Y": 0.2474
                    },
                    "LeftMargin": 636.7235,
                    "RightMargin": -612.7235,
                    "TopMargin": -1.1805,
                    "BottomMargin": 74.1805,
                    "Tag": 1606,
                    "ActionTag": 1172032648,
                    "Size": {
                      "X": 72.0,
                      "Y": 24.0
                    },
                    "Name": "winType",
                    "ctype": "TextObjectData"
                  },
                  {
                    "FileData": {
                      "Type": "Normal",
                      "Path": "playing/MJ/Mj_04.png",
                      "Plist": ""
                    },
                    "Scale9OriginX": 18,
                    "Scale9OriginY": 27,
                    "Scale9Width": 67,
                    "Scale9Height": 104,
                    "AnchorPoint": {
                      "ScaleX": 0.5,
                      "ScaleY": 0.5
                    },
                    "Position": {
                      "X": 190.7857,
                      "Y": 31.7956
                    },
                    "Scale": {
                      "ScaleX": 0.35,
                      "ScaleY": 0.35
                    },
                    "CColor": {},
                    "IconVisible": false,
                    "PrePosition": {
                      "X": 1.9874,
                      "Y": 0.3278
                    },
                    "PreSize": {
                      "X": 1.0729,
                      "Y": 1.6289
                    },
                    "LeftMargin": 139.2857,
                    "RightMargin": -146.2857,
                    "TopMargin": -13.7956,
                    "BottomMargin": -47.2044,
                    "Tag": 195,
                    "ActionTag": 1983946655,
                    "Size": {
                      "X": 103.0,
                      "Y": 158.0
                    },
                    "Name": "down",
                    "ctype": "ImageViewObjectData"
                  },
                  {
                    "FileData": {
                      "Type": "Normal",
                      "Path": "playing/MJ/Mj_up_0.png",
                      "Plist": ""
                    },
                    "Scale9OriginX": 18,
                    "Scale9OriginY": 27,
                    "Scale9Width": 69,
                    "Scale9Height": 104,
                    "AnchorPoint": {
                      "ScaleX": 0.5,
                      "ScaleY": 0.5
                    },
                    "Position": {
                      "X": 248.9623,
                      "Y": 34.1281
                    },
                    "Scale": {
                      "ScaleX": 0.35,
                      "ScaleY": 0.35
                    },
                    "CColor": {},
                    "IconVisible": false,
                    "PrePosition": {
                      "X": 2.5934,
                      "Y": 0.3518
                    },
                    "PreSize": {
                      "X": 1.0938,
                      "Y": 1.6289
                    },
                    "LeftMargin": 196.4623,
                    "RightMargin": -205.4623,
                    "TopMargin": -16.1281,
                    "BottomMargin": -44.8719,
                    "Tag": 199,
                    "ActionTag": -1241378070,
                    "Size": {
                      "X": 105.0,
                      "Y": 158.0
                    },
                    "Name": "stand",
                    "ctype": "ImageViewObjectData"
                  }
                ],
                "ActionTag": -618578942,
                "Size": {
                  "X": 96.0,
                  "Y": 97.0
                },
                "Name": "head",
                "ctype": "SpriteObjectData"
              }
            ],
            "ActionTag": -1640050335,
            "Size": {
              "X": 0.0,
              "Y": 0.0
            },
            "Name": "head0",
            "ctype": "SingleNodeObjectData"
          },
          {
            "AnchorPoint": {},
            "Position": {
              "X": 0.0,
              "Y": 0.0
            },
            "Scale": {
              "ScaleX": 1.0,
              "ScaleY": 1.0
            },
            "CColor": {},
            "IconVisible": true,
            "PrePosition": {
              "X": 0.0,
              "Y": 0.0
            },
            "PreSize": {
              "X": 0.0,
              "Y": 0.0
            },
            "RightMargin": 1280.0,
            "TopMargin": 720.0,
            "Tag": 586,
            "Children": [
              {
                "FontSize": 24,
                "LabelText": "+10000",
                "OutlineColor": {
                  "G": 0,
                  "B": 0
                },
                "ShadowColor": {
                  "R": 110,
                  "G": 110,
                  "B": 110
                },
                "ShadowOffsetX": 2.0,
                "ShadowOffsetY": -2.0,
                "AnchorPoint": {
                  "ScaleX": 0.5,
                  "ScaleY": 0.5
                },
                "Position": {
                  "X": 1010.1722,
                  "Y": 449.5117
                },
                "Scale": {
                  "ScaleX": 1.0,
                  "ScaleY": 1.0
                },
                "CColor": {
                  "G": 204,
                  "B": 113
                },
                "IconVisible": false,
                "PrePosition": {
                  "X": 0.0,
                  "Y": 0.0
                },
                "PreSize": {
                  "X": 0.0,
                  "Y": 0.0
                },
                "LeftMargin": 974.1722,
                "RightMargin": -1046.1721,
                "TopMargin": -461.5117,
                "BottomMargin": 437.5117,
                "Tag": 587,
                "Children": [
                  {
                    "FileData": {
                      "Type": "Normal",
                      "Path": "setting/endone_hu.png",
                      "Plist": ""
                    },
                    "Scale9OriginX": 47,
                    "Scale9OriginY": 38,
                    "Scale9Width": 49,
                    "Scale9Height": 40,
                    "AnchorPoint": {
                      "ScaleX": 0.5,
                      "ScaleY": 0.5
                    },
                    "Position": {
                      "X": 79.5,
                      "Y": 9.38
                    },
                    "Scale": {
                      "ScaleX": 0.8,
                      "ScaleY": 0.8
                    },
                    "CColor": {},
                    "IconVisible": false,
                    "PrePosition": {
                      "X": 1.1042,
                      "Y": 0.3908
                    },
                    "PreSize": {
                      "X": 1.9861,
                      "Y": 4.8333
                    },
                    "LeftMargin": 8.0,
                    "RightMargin": -79.0,
                    "TopMargin": -43.38,
                    "BottomMargin": -48.62,
                    "Tag": 207,
                    "ActionTag": 1584850004,
                    "Size": {
                      "X": 143.0,
                      "Y": 116.0
                    },
                    "Name": "hu",
                    "ctype": "ImageViewObjectData"
                  }
                ],
                "ActionTag": -1228956247,
                "Size": {
                  "X": 72.0,
                  "Y": 24.0
                },
                "Name": "winNum",
                "ctype": "TextObjectData"
              },
              {
                "FileData": {
                  "Type": "Normal",
                  "Path": "playing/other/Z_user.png",
                  "Plist": ""
                },
                "BlendFunc": {
                  "Src": 1,
                  "Dst": 771
                },
                "AnchorPoint": {
                  "ScaleX": 0.5,
                  "ScaleY": 0.5
                },
                "Position": {
                  "X": 136.3898,
                  "Y": 410.4843
                },
                "Scale": {
                  "ScaleX": 1.0,
                  "ScaleY": 1.0
                },
                "CColor": {},
                "IconVisible": false,
                "PrePosition": {
                  "X": 0.0,
                  "Y": 0.0
                },
                "PreSize": {
                  "X": 0.0,
                  "Y": 0.0
                },
                "LeftMargin": 88.3898,
                "RightMargin": -184.3898,
                "TopMargin": -458.9843,
                "BottomMargin": 361.9843,
                "Tag": 588,
                "Children": [
                  {
                    "FileData": {
                      "Type": "Normal",
                      "Path": "png/Z_zhuang.png",
                      "Plist": ""
                    },
                    "BlendFunc": {
                      "Src": 1,
                      "Dst": 771
                    },
                    "AnchorPoint": {
                      "ScaleX": 0.5,
                      "ScaleY": 0.5
                    },
                    "Position": {
                      "X": 10.7876,
                      "Y": 20.7268
                    },
                    "Scale": {
                      "ScaleX": 1.0,
                      "ScaleY": 1.0
                    },
                    "CColor": {},
                    "IconVisible": false,
                    "PrePosition": {
                      "X": 0.1124,
                      "Y": 0.2137
                    },
                    "PreSize": {
                      "X": 0.4271,
                      "Y": 0.299
                    },
                    "LeftMargin": -9.7124,
                    "RightMargin": 64.7124,
                    "TopMargin": 61.7732,
                    "BottomMargin": 6.2268,
                    "Tag": 171,
                    "ActionTag": 1701773708,
                    "Size": {
                      "X": 41.0,
                      "Y": 29.0
                    },
                    "Name": "zhuang",
                    "ctype": "SpriteObjectData"
                  },
                  {
                    "FontSize": 24,
                    "LabelText": "姓名姓名姓名姓名",
                    "OutlineColor": {
                      "G": 0,
                      "B": 0
                    },
                    "ShadowColor": {
                      "R": 110,
                      "G": 110,
                      "B": 110
                    },
                    "ShadowOffsetX": 2.0,
                    "ShadowOffsetY": -2.0,
                    "AnchorPoint": {
                      "ScaleX": 0.5,
                      "ScaleY": 0.5
                    },
                    "Position": {
                      "X": 207.463,
                      "Y": 83.9182
                    },
                    "Scale": {
                      "ScaleX": 1.0,
                      "ScaleY": 1.0
                    },
                    "CColor": {
                      "G": 212,
                      "B": 119
                    },
                    "IconVisible": false,
                    "PrePosition": {
                      "X": 2.1611,
                      "Y": 0.8651
                    },
                    "PreSize": {
                      "X": 2.0,
                      "Y": 0.2474
                    },
                    "LeftMargin": 111.463,
                    "RightMargin": -207.463,
                    "TopMargin": 1.0818,
                    "BottomMargin": 71.9182,
                    "Tag": 589,
                    "ActionTag": 1244931692,
                    "Size": {
                      "X": 192.0,
                      "Y": 24.0
                    },
                    "Name": "name",
                    "ctype": "TextObjectData"
                  },
                  {
                    "FileData": {
                      "Type": "Normal",
                      "Path": "playing/MJ/Mj_up_0.png",
                      "Plist": ""
                    },
                    "Scale9OriginX": 11,
                    "Scale9OriginY": 18,
                    "Scale9Width": 83,
                    "Scale9Height": 122,
                    "AnchorPoint": {
                      "ScaleX": 0.5,
                      "ScaleY": 0.5
                    },
                    "Position": {
                      "X": 134.0001,
                      "Y": 27.6079
                    },
                    "Scale": {
                      "ScaleX": 0.35,
                      "ScaleY": 0.35
                    },
                    "CColor": {},
                    "IconVisible": false,
                    "PrePosition": {
                      "X": 1.3958,
                      "Y": 0.2846
                    },
                    "PreSize": {
                      "X": 1.0938,
                      "Y": 1.6289
                    },
                    "LeftMargin": 81.5001,
                    "RightMargin": -90.5001,
                    "TopMargin": -9.6079,
                    "BottomMargin": -51.3921,
                    "Tag": 590,
                    "ActionTag": -1742457030,
                    "Size": {
                      "X": 105.0,
                      "Y": 158.0
                    },
                    "Name": "up",
                    "ctype": "ImageViewObjectData"
                  },
                  {
                    "FontSize": 24,
                    "LabelText": "清一色清一色清一色清一色色清一色一色",
                    "OutlineColor": {
                      "G": 0,
                      "B": 0
                    },
                    "ShadowColor": {
                      "R": 110,
                      "G": 110,
                      "B": 110
                    },
                    "ShadowOffsetX": 2.0,
                    "ShadowOffsetY": -2.0,
                    "AnchorPoint": {
                      "ScaleX": 0.5,
                      "ScaleY": 0.5
                    },
                    "Position": {
                      "X": 529.1901,
                      "Y": 85.8138
                    },
                    "Scale": {
                      "ScaleX": 1.0,
                      "ScaleY": 1.0
                    },
                    "CColor": {},
                    "IconVisible": false,
                    "PrePosition": {
                      "X": 5.5124,
                      "Y": 0.8847
                    },
                    "PreSize": {
                      "X": 4.5,
                      "Y": 0.2474
                    },
                    "LeftMargin": 313.1901,
                    "RightMargin": -649.1901,
                    "TopMargin": -0.8138,
                    "BottomMargin": 73.8138,
                    "Tag": 591,
                    "ActionTag": -105439568,
                    "Size": {
                      "X": 432.0,
                      "Y": 24.0
                    },
                    "Name": "cardType",
                    "ctype": "TextObjectData"
                  },
                  {
                    "FontSize": 24,
                    "LabelText": "4番4番",
                    "OutlineColor": {
                      "G": 0,
                      "B": 0
                    },
                    "ShadowColor": {
                      "R": 110,
                      "G": 110,
                      "B": 110
                    },
                    "ShadowOffsetX": 2.0,
                    "ShadowOffsetY": -2.0,
                    "AnchorPoint": {
                      "ScaleX": 0.5,
                      "ScaleY": 0.5
                    },
                    "Position": {
                      "X": 672.7235,
                      "Y": 86.1798
                    },
                    "Scale": {
                      "ScaleX": 1.0,
                      "ScaleY": 1.0
                    },
                    "CColor": {},
                    "IconVisible": false,
                    "PrePosition": {
                      "X": 7.0075,
                      "Y": 0.8885
                    },
                    "PreSize": {
                      "X": 0.75,
                      "Y": 0.2474
                    },
                    "LeftMargin": 636.7235,
                    "RightMargin": -612.7235,
                    "TopMargin": -1.1798,
                    "BottomMargin": 74.1798,
                    "Tag": 592,
                    "ActionTag": 881574935,
                    "Size": {
                      "X": 72.0,
                      "Y": 24.0
                    },
                    "Name": "winType",
                    "ctype": "TextObjectData"
                  },
                  {
                    "FileData": {
                      "Type": "Normal",
                      "Path": "playing/MJ/Mj_04.png",
                      "Plist": ""
                    },
                    "Scale9OriginX": 18,
                    "Scale9OriginY": 27,
                    "Scale9Width": 67,
                    "Scale9Height": 104,
                    "AnchorPoint": {
                      "ScaleX": 0.5,
                      "ScaleY": 0.5
                    },
                    "Position": {
                      "X": 178.8872,
                      "Y": 32.493
                    },
                    "Scale": {
                      "ScaleX": 0.35,
                      "ScaleY": 0.35
                    },
                    "CColor": {},
                    "IconVisible": false,
                    "PrePosition": {
                      "X": 1.8634,
                      "Y": 0.335
                    },
                    "PreSize": {
                      "X": 1.0729,
                      "Y": 1.6289
                    },
                    "LeftMargin": 127.3872,
                    "RightMargin": -134.3872,
                    "TopMargin": -14.493,
                    "BottomMargin": -46.507,
                    "Tag": 196,
                    "ActionTag": -298987342,
                    "Size": {
                      "X": 103.0,
                      "Y": 158.0
                    },
                    "Name": "down",
                    "ctype": "ImageViewObjectData"
                  },
                  {
                    "FileData": {
                      "Type": "Normal",
                      "Path": "playing/MJ/Mj_up_0.png",
                      "Plist": ""
                    },
                    "Scale9OriginX": 18,
                    "Scale9OriginY": 27,
                    "Scale9Width": 69,
                    "Scale9Height": 104,
                    "AnchorPoint": {
                      "ScaleX": 0.5,
                      "ScaleY": 0.5
                    },
                    "Position": {
                      "X": 219.7448,
                      "Y": 26.1916
                    },
                    "Scale": {
                      "ScaleX": 0.35,
                      "ScaleY": 0.35
                    },
                    "CColor": {},
                    "IconVisible": false,
                    "PrePosition": {
                      "X": 2.289,
                      "Y": 0.27
                    },
                    "PreSize": {
                      "X": 1.0938,
                      "Y": 1.6289
                    },
                    "LeftMargin": 167.2448,
                    "RightMargin": -176.2448,
                    "TopMargin": -8.1916,
                    "BottomMargin": -52.8084,
                    "Tag": 200,
                    "ActionTag": -1694160475,
                    "Size": {
                      "X": 105.0,
                      "Y": 158.0
                    },
                    "Name": "stand",
                    "ctype": "ImageViewObjectData"
                  }
                ],
                "ActionTag": 1386251049,
                "Size": {
                  "X": 96.0,
                  "Y": 97.0
                },
                "Name": "head",
                "ctype": "SpriteObjectData"
              }
            ],
            "ActionTag": 1581135791,
            "Size": {
              "X": 0.0,
              "Y": 0.0
            },
            "Name": "head1",
            "ctype": "SingleNodeObjectData"
          },
          {
            "AnchorPoint": {},
            "Position": {
              "X": 0.0,
              "Y": 0.0
            },
            "Scale": {
              "ScaleX": 1.0,
              "ScaleY": 1.0
            },
            "CColor": {},
            "IconVisible": true,
            "PrePosition": {
              "X": 0.0,
              "Y": 0.0
            },
            "PreSize": {
              "X": 0.0,
              "Y": 0.0
            },
            "RightMargin": 1280.0,
            "TopMargin": 720.0,
            "Tag": 593,
            "Children": [
              {
                "FontSize": 24,
                "LabelText": "+10000",
                "OutlineColor": {
                  "G": 0,
                  "B": 0
                },
                "ShadowColor": {
                  "R": 110,
                  "G": 110,
                  "B": 110
                },
                "ShadowOffsetX": 2.0,
                "ShadowOffsetY": -2.0,
                "AnchorPoint": {
                  "ScaleX": 0.5,
                  "ScaleY": 0.5
                },
                "Position": {
                  "X": 1010.1725,
                  "Y": 342.0612
                },
                "Scale": {
                  "ScaleX": 1.0,
                  "ScaleY": 1.0
                },
                "CColor": {
                  "G": 204,
                  "B": 113
                },
                "IconVisible": false,
                "PrePosition": {
                  "X": 0.0,
                  "Y": 0.0
                },
                "PreSize": {
                  "X": 0.0,
                  "Y": 0.0
                },
                "LeftMargin": 974.1725,
                "RightMargin": -1046.1725,
                "TopMargin": -354.0612,
                "BottomMargin": 330.0612,
                "Tag": 594,
                "Children": [
                  {
                    "FileData": {
                      "Type": "Normal",
                      "Path": "setting/endone_hu.png",
                      "Plist": ""
                    },
                    "Scale9OriginX": 47,
                    "Scale9OriginY": 38,
                    "Scale9Width": 49,
                    "Scale9Height": 40,
                    "AnchorPoint": {
                      "ScaleX": 0.5,
                      "ScaleY": 0.5
                    },
                    "Position": {
                      "X": 79.9745,
                      "Y": 10.0635
                    },
                    "Scale": {
                      "ScaleX": 0.8,
                      "ScaleY": 0.8
                    },
                    "CColor": {},
                    "IconVisible": false,
                    "PrePosition": {
                      "X": 1.1108,
                      "Y": 0.4193
                    },
                    "PreSize": {
                      "X": 1.9861,
                      "Y": 4.8333
                    },
                    "LeftMargin": 8.4745,
                    "RightMargin": -79.4745,
                    "TopMargin": -44.0635,
                    "BottomMargin": -47.9365,
                    "Tag": 208,
                    "ActionTag": 613880730,
                    "Size": {
                      "X": 143.0,
                      "Y": 116.0
                    },
                    "Name": "hu",
                    "ctype": "ImageViewObjectData"
                  }
                ],
                "ActionTag": -2038878610,
                "Size": {
                  "X": 72.0,
                  "Y": 24.0
                },
                "Name": "winNum",
                "ctype": "TextObjectData"
              },
              {
                "FileData": {
                  "Type": "Normal",
                  "Path": "playing/other/Z_user.png",
                  "Plist": ""
                },
                "BlendFunc": {
                  "Src": 1,
                  "Dst": 771
                },
                "AnchorPoint": {
                  "ScaleX": 0.5,
                  "ScaleY": 0.5
                },
                "Position": {
                  "X": 136.3898,
                  "Y": 283.6862
                },
                "Scale": {
                  "ScaleX": 1.0,
                  "ScaleY": 1.0
                },
                "CColor": {},
                "IconVisible": false,
                "PrePosition": {
                  "X": 0.0,
                  "Y": 0.0
                },
                "PreSize": {
                  "X": 0.0,
                  "Y": 0.0
                },
                "LeftMargin": 88.3898,
                "RightMargin": -184.3898,
                "TopMargin": -332.1862,
                "BottomMargin": 235.1862,
                "Tag": 595,
                "Children": [
                  {
                    "FileData": {
                      "Type": "Normal",
                      "Path": "png/Z_zhuang.png",
                      "Plist": ""
                    },
                    "BlendFunc": {
                      "Src": 1,
                      "Dst": 771
                    },
                    "AnchorPoint": {
                      "ScaleX": 0.5,
                      "ScaleY": 0.5
                    },
                    "Position": {
                      "X": 10.7876,
                      "Y": 21.2262
                    },
                    "Scale": {
                      "ScaleX": 1.0,
                      "ScaleY": 1.0
                    },
                    "CColor": {},
                    "IconVisible": false,
                    "PrePosition": {
                      "X": 0.1124,
                      "Y": 0.2188
                    },
                    "PreSize": {
                      "X": 0.4271,
                      "Y": 0.299
                    },
                    "LeftMargin": -9.7124,
                    "RightMargin": 64.7124,
                    "TopMargin": 61.2738,
                    "BottomMargin": 6.7262,
                    "Tag": 170,
                    "ActionTag": 392838381,
                    "Size": {
                      "X": 41.0,
                      "Y": 29.0
                    },
                    "Name": "zhuang",
                    "ctype": "SpriteObjectData"
                  },
                  {
                    "FontSize": 24,
                    "LabelText": "姓名姓名姓名姓名",
                    "OutlineColor": {
                      "G": 0,
                      "B": 0
                    },
                    "ShadowColor": {
                      "R": 110,
                      "G": 110,
                      "B": 110
                    },
                    "ShadowOffsetX": 2.0,
                    "ShadowOffsetY": -2.0,
                    "AnchorPoint": {
                      "ScaleX": 0.5,
                      "ScaleY": 0.5
                    },
                    "Position": {
                      "X": 207.463,
                      "Y": 83.9182
                    },
                    "Scale": {
                      "ScaleX": 1.0,
                      "ScaleY": 1.0
                    },
                    "CColor": {
                      "G": 212,
                      "B": 119
                    },
                    "IconVisible": false,
                    "PrePosition": {
                      "X": 2.1611,
                      "Y": 0.8651
                    },
                    "PreSize": {
                      "X": 2.0,
                      "Y": 0.2474
                    },
                    "LeftMargin": 111.463,
                    "RightMargin": -207.463,
                    "TopMargin": 1.0818,
                    "BottomMargin": 71.9182,
                    "Tag": 596,
                    "ActionTag": 2003753486,
                    "Size": {
                      "X": 192.0,
                      "Y": 24.0
                    },
                    "Name": "name",
                    "ctype": "TextObjectData"
                  },
                  {
                    "FileData": {
                      "Type": "Normal",
                      "Path": "playing/MJ/Mj_up_0.png",
                      "Plist": ""
                    },
                    "Scale9OriginX": 11,
                    "Scale9OriginY": 18,
                    "Scale9Width": 83,
                    "Scale9Height": 122,
                    "AnchorPoint": {
                      "ScaleX": 0.5,
                      "ScaleY": 0.5
                    },
                    "Position": {
                      "X": 134.0001,
                      "Y": 27.6078
                    },
                    "Scale": {
                      "ScaleX": 0.35,
                      "ScaleY": 0.35
                    },
                    "CColor": {},
                    "IconVisible": false,
                    "PrePosition": {
                      "X": 1.3958,
                      "Y": 0.2846
                    },
                    "PreSize": {
                      "X": 1.0938,
                      "Y": 1.6289
                    },
                    "LeftMargin": 81.5001,
                    "RightMargin": -90.5001,
                    "TopMargin": -9.6078,
                    "BottomMargin": -51.3922,
                    "Tag": 597,
                    "ActionTag": -47469633,
                    "Size": {
                      "X": 105.0,
                      "Y": 158.0
                    },
                    "Name": "up",
                    "ctype": "ImageViewObjectData"
                  },
                  {
                    "FontSize": 24,
                    "LabelText": "清一色清一色清一色清一色色清一色一色",
                    "OutlineColor": {
                      "G": 0,
                      "B": 0
                    },
                    "ShadowColor": {
                      "R": 110,
                      "G": 110,
                      "B": 110
                    },
                    "ShadowOffsetX": 2.0,
                    "ShadowOffsetY": -2.0,
                    "AnchorPoint": {
                      "ScaleX": 0.5,
                      "ScaleY": 0.5
                    },
                    "Position": {
                      "X": 529.1901,
                      "Y": 85.8135
                    },
                    "Scale": {
                      "ScaleX": 1.0,
                      "ScaleY": 1.0
                    },
                    "CColor": {},
                    "IconVisible": false,
                    "PrePosition": {
                      "X": 5.5124,
                      "Y": 0.8847
                    },
                    "PreSize": {
                      "X": 4.5,
                      "Y": 0.2474
                    },
                    "LeftMargin": 313.1901,
                    "RightMargin": -649.1901,
                    "TopMargin": -0.8135,
                    "BottomMargin": 73.8135,
                    "Tag": 598,
                    "ActionTag": -1368140419,
                    "Size": {
                      "X": 432.0,
                      "Y": 24.0
                    },
                    "Name": "cardType",
                    "ctype": "TextObjectData"
                  },
                  {
                    "FontSize": 24,
                    "LabelText": "4番4番",
                    "OutlineColor": {
                      "G": 0,
                      "B": 0
                    },
                    "ShadowColor": {
                      "R": 110,
                      "G": 110,
                      "B": 110
                    },
                    "ShadowOffsetX": 2.0,
                    "ShadowOffsetY": -2.0,
                    "AnchorPoint": {
                      "ScaleX": 0.5,
                      "ScaleY": 0.5
                    },
                    "Position": {
                      "X": 672.7235,
                      "Y": 86.1799
                    },
                    "Scale": {
                      "ScaleX": 1.0,
                      "ScaleY": 1.0
                    },
                    "CColor": {},
                    "IconVisible": false,
                    "PrePosition": {
                      "X": 7.0075,
                      "Y": 0.8885
                    },
                    "PreSize": {
                      "X": 0.75,
                      "Y": 0.2474
                    },
                    "LeftMargin": 636.7235,
                    "RightMargin": -612.7235,
                    "TopMargin": -1.1799,
                    "BottomMargin": 74.1799,
                    "Tag": 599,
                    "ActionTag": -606057301,
                    "Size": {
                      "X": 72.0,
                      "Y": 24.0
                    },
                    "Name": "winType",
                    "ctype": "TextObjectData"
                  },
                  {
                    "FileData": {
                      "Type": "Normal",
                      "Path": "playing/MJ/Mj_04.png",
                      "Plist": ""
                    },
                    "Scale9OriginX": 18,
                    "Scale9OriginY": 27,
                    "Scale9Width": 67,
                    "Scale9Height": 104,
                    "AnchorPoint": {
                      "ScaleX": 0.4885,
                      "ScaleY": 0.486
                    },
                    "Position": {
                      "X": 180.9341,
                      "Y": 28.7456
                    },
                    "Scale": {
                      "ScaleX": 0.35,
                      "ScaleY": 0.35
                    },
                    "CColor": {},
                    "IconVisible": false,
                    "PrePosition": {
                      "X": 1.8847,
                      "Y": 0.2963
                    },
                    "PreSize": {
                      "X": 1.0729,
                      "Y": 1.6289
                    },
                    "LeftMargin": 130.6186,
                    "RightMargin": -137.6186,
                    "TopMargin": -12.9576,
                    "BottomMargin": -48.0424,
                    "Tag": 197,
                    "ActionTag": 347995951,
                    "Size": {
                      "X": 103.0,
                      "Y": 158.0
                    },
                    "Name": "down",
                    "ctype": "ImageViewObjectData"
                  },
                  {
                    "FileData": {
                      "Type": "Normal",
                      "Path": "playing/MJ/Mj_up_0.png",
                      "Plist": ""
                    },
                    "Scale9OriginX": 18,
                    "Scale9OriginY": 27,
                    "Scale9Width": 69,
                    "Scale9Height": 104,
                    "AnchorPoint": {
                      "ScaleX": 0.5,
                      "ScaleY": 0.5
                    },
                    "Position": {
                      "X": 235.11,
                      "Y": 28.7148
                    },
                    "Scale": {
                      "ScaleX": 0.35,
                      "ScaleY": 0.35
                    },
                    "CColor": {},
                    "IconVisible": false,
                    "PrePosition": {
                      "X": 2.4491,
                      "Y": 0.296
                    },
                    "PreSize": {
                      "X": 1.0938,
                      "Y": 1.6289
                    },
                    "LeftMargin": 182.61,
                    "RightMargin": -191.61,
                    "TopMargin": -10.7148,
                    "BottomMargin": -50.2852,
                    "Tag": 201,
                    "ActionTag": -1848178920,
                    "Size": {
                      "X": 105.0,
                      "Y": 158.0
                    },
                    "Name": "stand",
                    "ctype": "ImageViewObjectData"
                  }
                ],
                "ActionTag": -1884823687,
                "Size": {
                  "X": 96.0,
                  "Y": 97.0
                },
                "Name": "head",
                "ctype": "SpriteObjectData"
              }
            ],
            "ActionTag": -845467139,
            "Size": {
              "X": 0.0,
              "Y": 0.0
            },
            "Name": "head2",
            "ctype": "SingleNodeObjectData"
          },
          {
            "AnchorPoint": {},
            "Position": {
              "X": 0.0,
              "Y": 0.0
            },
            "Scale": {
              "ScaleX": 1.0,
              "ScaleY": 1.0
            },
            "CColor": {},
            "IconVisible": true,
            "PrePosition": {
              "X": 0.0,
              "Y": 0.0
            },
            "PreSize": {
              "X": 0.0,
              "Y": 0.0
            },
            "RightMargin": 1280.0,
            "TopMargin": 720.0,
            "Tag": 600,
            "Children": [
              {
                "FontSize": 24,
                "LabelText": "+10000",
                "OutlineColor": {
                  "G": 0,
                  "B": 0
                },
                "ShadowColor": {
                  "R": 110,
                  "G": 110,
                  "B": 110
                },
                "ShadowOffsetX": 2.0,
                "ShadowOffsetY": -2.0,
                "AnchorPoint": {
                  "ScaleX": 0.5,
                  "ScaleY": 0.5
                },
                "Position": {
                  "X": 1010.0146,
                  "Y": 190.271
                },
                "Scale": {
                  "ScaleX": 1.0,
                  "ScaleY": 1.0
                },
                "CColor": {
                  "G": 204,
                  "B": 113
                },
                "IconVisible": false,
                "PrePosition": {
                  "X": 0.0,
                  "Y": 0.0
                },
                "PreSize": {
                  "X": 0.0,
                  "Y": 0.0
                },
                "LeftMargin": 974.0146,
                "RightMargin": -1046.0146,
                "TopMargin": -202.271,
                "BottomMargin": 178.271,
                "Tag": 601,
                "Children": [
                  {
                    "FileData": {
                      "Type": "Normal",
                      "Path": "setting/endone_hu.png",
                      "Plist": ""
                    },
                    "Scale9OriginX": 47,
                    "Scale9OriginY": 38,
                    "Scale9Width": 49,
                    "Scale9Height": 40,
                    "AnchorPoint": {
                      "ScaleX": 0.5,
                      "ScaleY": 0.5
                    },
                    "Position": {
                      "X": 79.5,
                      "Y": 9.16
                    },
                    "Scale": {
                      "ScaleX": 0.8,
                      "ScaleY": 0.8
                    },
                    "CColor": {},
                    "IconVisible": false,
                    "PrePosition": {
                      "X": 1.1042,
                      "Y": 0.3817
                    },
                    "PreSize": {
                      "X": 1.9861,
                      "Y": 4.8333
                    },
                    "LeftMargin": 8.0,
                    "RightMargin": -79.0,
                    "TopMargin": -43.16,
                    "BottomMargin": -48.84,
                    "Tag": 209,
                    "ActionTag": -1965314691,
                    "Size": {
                      "X": 143.0,
                      "Y": 116.0
                    },
                    "Name": "hu",
                    "ctype": "ImageViewObjectData"
                  }
                ],
                "ActionTag": 1781665316,
                "Size": {
                  "X": 72.0,
                  "Y": 24.0
                },
                "Name": "winNum",
                "ctype": "TextObjectData"
              },
              {
                "FileData": {
                  "Type": "Normal",
                  "Path": "playing/other/Z_user.png",
                  "Plist": ""
                },
                "BlendFunc": {
                  "Src": 1,
                  "Dst": 771
                },
                "AnchorPoint": {
                  "ScaleX": 0.5,
                  "ScaleY": 0.5
                },
                "Position": {
                  "X": 136.3898,
                  "Y": 156.8881
                },
                "Scale": {
                  "ScaleX": 1.0,
                  "ScaleY": 1.0
                },
                "CColor": {},
                "IconVisible": false,
                "PrePosition": {
                  "X": 0.0,
                  "Y": 0.0
                },
                "PreSize": {
                  "X": 0.0,
                  "Y": 0.0
                },
                "LeftMargin": 88.3898,
                "RightMargin": -184.3898,
                "TopMargin": -205.3881,
                "BottomMargin": 108.3881,
                "Tag": 602,
                "Children": [
                  {
                    "FileData": {
                      "Type": "Normal",
                      "Path": "png/Z_zhuang.png",
                      "Plist": ""
                    },
                    "BlendFunc": {
                      "Src": 1,
                      "Dst": 771
                    },
                    "AnchorPoint": {
                      "ScaleX": 0.5,
                      "ScaleY": 0.5
                    },
                    "Position": {
                      "X": 10.7876,
                      "Y": 21.7282
                    },
                    "Scale": {
                      "ScaleX": 1.0,
                      "ScaleY": 1.0
                    },
                    "CColor": {},
                    "IconVisible": false,
                    "PrePosition": {
                      "X": 0.1124,
                      "Y": 0.224
                    },
                    "PreSize": {
                      "X": 0.4271,
                      "Y": 0.299
                    },
                    "LeftMargin": -9.7124,
                    "RightMargin": 64.7124,
                    "TopMargin": 60.7718,
                    "BottomMargin": 7.2282,
                    "Tag": 1600,
                    "ActionTag": -269314619,
                    "Size": {
                      "X": 41.0,
                      "Y": 29.0
                    },
                    "Name": "zhuang",
                    "ctype": "SpriteObjectData"
                  },
                  {
                    "FontSize": 24,
                    "LabelText": "姓名姓名姓名姓名",
                    "OutlineColor": {
                      "G": 0,
                      "B": 0
                    },
                    "ShadowColor": {
                      "R": 110,
                      "G": 110,
                      "B": 110
                    },
                    "ShadowOffsetX": 2.0,
                    "ShadowOffsetY": -2.0,
                    "AnchorPoint": {
                      "ScaleX": 0.5,
                      "ScaleY": 0.5
                    },
                    "Position": {
                      "X": 207.463,
                      "Y": 83.9182
                    },
                    "Scale": {
                      "ScaleX": 1.0,
                      "ScaleY": 1.0
                    },
                    "CColor": {
                      "G": 212,
                      "B": 119
                    },
                    "IconVisible": false,
                    "PrePosition": {
                      "X": 2.1611,
                      "Y": 0.8651
                    },
                    "PreSize": {
                      "X": 2.0,
                      "Y": 0.2474
                    },
                    "LeftMargin": 111.463,
                    "RightMargin": -207.463,
                    "TopMargin": 1.0818,
                    "BottomMargin": 71.9182,
                    "Tag": 603,
                    "ActionTag": -1732873602,
                    "Size": {
                      "X": 192.0,
                      "Y": 24.0
                    },
                    "Name": "name",
                    "ctype": "TextObjectData"
                  },
                  {
                    "FileData": {
                      "Type": "Normal",
                      "Path": "playing/MJ/Mj_up_0.png",
                      "Plist": ""
                    },
                    "Scale9OriginX": 11,
                    "Scale9OriginY": 18,
                    "Scale9Width": 83,
                    "Scale9Height": 122,
                    "AnchorPoint": {
                      "ScaleX": 0.5,
                      "ScaleY": 0.5
                    },
                    "Position": {
                      "X": 134.0001,
                      "Y": 27.6077
                    },
                    "Scale": {
                      "ScaleX": 0.35,
                      "ScaleY": 0.35
                    },
                    "CColor": {},
                    "IconVisible": false,
                    "PrePosition": {
                      "X": 1.3958,
                      "Y": 0.2846
                    },
                    "PreSize": {
                      "X": 1.0938,
                      "Y": 1.6289
                    },
                    "LeftMargin": 81.5001,
                    "RightMargin": -90.5001,
                    "TopMargin": -9.6077,
                    "BottomMargin": -51.3923,
                    "Tag": 604,
                    "ActionTag": 841615867,
                    "Size": {
                      "X": 105.0,
                      "Y": 158.0
                    },
                    "Name": "up",
                    "ctype": "ImageViewObjectData"
                  },
                  {
                    "FontSize": 24,
                    "LabelText": "清一色清一色清一色清一色色清一色一色",
                    "OutlineColor": {
                      "G": 0,
                      "B": 0
                    },
                    "ShadowColor": {
                      "R": 110,
                      "G": 110,
                      "B": 110
                    },
                    "ShadowOffsetX": 2.0,
                    "ShadowOffsetY": -2.0,
                    "AnchorPoint": {
                      "ScaleX": 0.5,
                      "ScaleY": 0.5
                    },
                    "Position": {
                      "X": 529.1893,
                      "Y": 85.8136
                    },
                    "Scale": {
                      "ScaleX": 1.0,
                      "ScaleY": 1.0
                    },
                    "CColor": {},
                    "IconVisible": false,
                    "PrePosition": {
                      "X": 5.5124,
                      "Y": 0.8847
                    },
                    "PreSize": {
                      "X": 4.5,
                      "Y": 0.2474
                    },
                    "LeftMargin": 313.1893,
                    "RightMargin": -649.1893,
                    "TopMargin": -0.8136,
                    "BottomMargin": 73.8136,
                    "Tag": 605,
                    "ActionTag": -1079109547,
                    "Size": {
                      "X": 432.0,
                      "Y": 24.0
                    },
                    "Name": "cardType",
                    "ctype": "TextObjectData"
                  },
                  {
                    "FontSize": 24,
                    "LabelText": "4番4番",
                    "OutlineColor": {
                      "G": 0,
                      "B": 0
                    },
                    "ShadowColor": {
                      "R": 110,
                      "G": 110,
                      "B": 110
                    },
                    "ShadowOffsetX": 2.0,
                    "ShadowOffsetY": -2.0,
                    "AnchorPoint": {
                      "ScaleX": 0.5,
                      "ScaleY": 0.5
                    },
                    "Position": {
                      "X": 672.7235,
                      "Y": 86.1798
                    },
                    "Scale": {
                      "ScaleX": 1.0,
                      "ScaleY": 1.0
                    },
                    "CColor": {},
                    "IconVisible": false,
                    "PrePosition": {
                      "X": 7.0075,
                      "Y": 0.8885
                    },
                    "PreSize": {
                      "X": 0.75,
                      "Y": 0.2474
                    },
                    "LeftMargin": 636.7235,
                    "RightMargin": -612.7235,
                    "TopMargin": -1.1798,
                    "BottomMargin": 74.1798,
                    "Tag": 606,
                    "ActionTag": 822435224,
                    "Size": {
                      "X": 72.0,
                      "Y": 24.0
                    },
                    "Name": "winType",
                    "ctype": "TextObjectData"
                  },
                  {
                    "FileData": {
                      "Type": "Normal",
                      "Path": "playing/MJ/Mj_04.png",
                      "Plist": ""
                    },
                    "Scale9OriginX": 18,
                    "Scale9OriginY": 27,
                    "Scale9Width": 67,
                    "Scale9Height": 104,
                    "AnchorPoint": {
                      "ScaleX": 0.5,
                      "ScaleY": 0.5
                    },
                    "Position": {
                      "X": 206.7057,
                      "Y": 29.6219
                    },
                    "Scale": {
                      "ScaleX": 0.35,
                      "ScaleY": 0.35
                    },
                    "CColor": {},
                    "IconVisible": false,
                    "PrePosition": {
                      "X": 2.1532,
                      "Y": 0.3054
                    },
                    "PreSize": {
                      "X": 1.0729,
                      "Y": 1.6289
                    },
                    "LeftMargin": 155.2057,
                    "RightMargin": -162.2057,
                    "TopMargin": -11.6219,
                    "BottomMargin": -49.3781,
                    "Tag": 198,
                    "ActionTag": 756446126,
                    "Size": {
                      "X": 103.0,
                      "Y": 158.0
                    },
                    "Name": "down",
                    "ctype": "ImageViewObjectData"
                  },
                  {
                    "FileData": {
                      "Type": "Normal",
                      "Path": "playing/MJ/Mj_up_0.png",
                      "Plist": ""
                    },
                    "Scale9OriginX": 18,
                    "Scale9OriginY": 27,
                    "Scale9Width": 69,
                    "Scale9Height": 104,
                    "AnchorPoint": {
                      "ScaleX": 0.5,
                      "ScaleY": 0.5
                    },
                    "Position": {
                      "X": 281.7041,
                      "Y": 31.1827
                    },
                    "Scale": {
                      "ScaleX": 0.35,
                      "ScaleY": 0.35
                    },
                    "CColor": {},
                    "IconVisible": false,
                    "PrePosition": {
                      "X": 2.9344,
                      "Y": 0.3215
                    },
                    "PreSize": {
                      "X": 1.0938,
                      "Y": 1.6289
                    },
                    "LeftMargin": 229.2041,
                    "RightMargin": -238.2041,
                    "TopMargin": -13.1827,
                    "BottomMargin": -47.8173,
                    "Tag": 202,
                    "ActionTag": 2048992563,
                    "Size": {
                      "X": 105.0,
                      "Y": 158.0
                    },
                    "Name": "stand",
                    "ctype": "ImageViewObjectData"
                  }
                ],
                "ActionTag": -864628463,
                "Size": {
                  "X": 96.0,
                  "Y": 97.0
                },
                "Name": "head",
                "ctype": "SpriteObjectData"
              }
            ],
            "ActionTag": -167718535,
            "Size": {
              "X": 0.0,
              "Y": 0.0
            },
            "Name": "head3",
            "ctype": "SingleNodeObjectData"
          }
        ],
        "Size": {
          "X": 1280.0,
          "Y": 720.0
        },
        "Name": "Layer",
        "ctype": "LayerObjectData"
      },
      "UsedResources": [
        "Default/Button_Disable.png",
        "playing/MJ/Mj_04.png",
        "playing/MJ/Mj_up_0.png",
        "playing/other/Z_user.png",
        "png/pingju.png",
        "png/Z_fenxiang.png",
        "png/Z_fenxiangdianji.png",
        "png/Z_zhuang.png",
        "png/Z_zhunbei2.png",
        "png/Z_zhunbei2dianji.png",
        "setting/endone_hu.png",
        "settlement/Z_jiesuanditu.png",
        "settlement/Z_nishul.png",
        "settlement/Z_you_win.png"
      ],
      "ctype": "GameFileData"
    }
  },
  "Type": "Layer"
}