{
  "ID": "d149f48a-03dd-40d9-b448-1314039a15f1",
  "Version": "2.3.4",
  "Name": "Home",
  "Content": {
    "Content": {
      "Animation": {
        "Duration": 0,
        "Speed": 1.0,
        "Timelines": [],
        "ctype": "TimelineActionData"
      },
      "AnimationList": [],
      "ObjectData": {
        "Tag": 5,
        "Children": [
          {
            "FileData": {
              "Type": "Normal",
              "Path": "home/hallBg.png",
              "Plist": ""
            },
            "Scale9OriginX": 422,
            "Scale9OriginY": 237,
            "Scale9Width": 436,
            "Scale9Height": 246,
            "AnchorPoint": {
              "ScaleX": 0.5,
              "ScaleY": 0.5
            },
            "Position": {
              "X": 640.0,
              "Y": 360.0
            },
            "Scale": {
              "ScaleX": 1.0,
              "ScaleY": 1.0
            },
            "CColor": {},
            "IconVisible": false,
            "PositionPercentXEnabled": true,
            "PositionPercentYEnabled": true,
            "PrePosition": {
              "X": 0.5,
              "Y": 0.5
            },
            "PreSize": {
              "X": 1.0,
              "Y": 1.0
            },
            "Tag": 9,
            "ActionTag": -49129274,
            "Size": {
              "X": 1280.0,
              "Y": 720.0
            },
            "Name": "back",
            "ctype": "ImageViewObjectData"
          },
          {
            "FontSize": 14,
            "ButtonText": "",
            "TextColor": {
              "R": 65,
              "G": 65,
              "B": 70
            },
            "DisabledFileData": {
              "Type": "Default",
              "Path": "Default/Button_Disable.png",
              "Plist": ""
            },
            "PressedFileData": {
              "Type": "Normal",
              "Path": "home/z_shezhi_h.png",
              "Plist": ""
            },
            "NormalFileData": {
              "Type": "Normal",
              "Path": "home/z_shezhi.png",
              "Plist": ""
            },
            "Scale9Enable": true,
            "Scale9OriginX": 15,
            "Scale9OriginY": 11,
            "Scale9Width": 32,
            "Scale9Height": 72,
            "OutlineColor": {
              "G": 0,
              "B": 0
            },
            "ShadowColor": {
              "R": 110,
              "G": 110,
              "B": 110
            },
            "ShadowOffsetX": 2.0,
            "ShadowOffsetY": -2.0,
            "TouchEnable": true,
            "AnchorPoint": {
              "ScaleX": 0.5,
              "ScaleY": 0.5
            },
            "Position": {
              "X": 287.8195,
              "Y": 60.2489
            },
            "Scale": {
              "ScaleX": 1.0,
              "ScaleY": 1.0
            },
            "CColor": {},
            "IconVisible": false,
            "PrePosition": {
              "X": 0.2249,
              "Y": 0.0837
            },
            "PreSize": {
              "X": 0.0484,
              "Y": 0.1306
            },
            "LeftMargin": 256.8195,
            "RightMargin": 961.1805,
            "TopMargin": 612.7512,
            "BottomMargin": 13.2489,
            "Tag": 11,
            "ActionTag": -1293749877,
            "Size": {
              "X": 62.0,
              "Y": 94.0
            },
            "Name": "setting",
            "ctype": "ButtonObjectData"
          },
          {
            "FontSize": 14,
            "ButtonText": "",
            "TextColor": {
              "R": 65,
              "G": 65,
              "B": 70
            },
            "DisabledFileData": {
              "Type": "Default",
              "Path": "Default/Button_Disable.png",
              "Plist": ""
            },
            "PressedFileData": {
              "Type": "Normal",
              "Path": "home/z_bangzhu_h.png",
              "Plist": ""
            },
            "NormalFileData": {
              "Type": "Normal",
              "Path": "home/z_bangzhu.png",
              "Plist": ""
            },
            "Scale9Enable": true,
            "Scale9OriginX": 15,
            "Scale9OriginY": 11,
            "Scale9Width": 31,
            "Scale9Height": 74,
            "OutlineColor": {
              "G": 0,
              "B": 0
            },
            "ShadowColor": {
              "R": 110,
              "G": 110,
              "B": 110
            },
            "ShadowOffsetX": 2.0,
            "ShadowOffsetY": -2.0,
            "TouchEnable": true,
            "AnchorPoint": {
              "ScaleX": 0.5,
              "ScaleY": 0.5
            },
            "Position": {
              "X": 212.8424,
              "Y": 61.2488
            },
            "Scale": {
              "ScaleX": 1.0,
              "ScaleY": 1.0
            },
            "CColor": {},
            "IconVisible": false,
            "PrePosition": {
              "X": 0.1663,
              "Y": 0.0851
            },
            "PreSize": {
              "X": 0.0477,
              "Y": 0.1333
            },
            "LeftMargin": 182.3424,
            "RightMargin": 1036.6576,
            "TopMargin": 610.7512,
            "BottomMargin": 13.2488,
            "Tag": 10,
            "ActionTag": 1218524737,
            "Size": {
              "X": 61.0,
              "Y": 96.0
            },
            "Name": "help",
            "ctype": "ButtonObjectData"
          },
          {
            "FontSize": 14,
            "ButtonText": "",
            "TextColor": {
              "R": 65,
              "G": 65,
              "B": 70
            },
            "DisabledFileData": {
              "Type": "Default",
              "Path": "Default/Button_Disable.png",
              "Plist": ""
            },
            "PressedFileData": {
              "Type": "Normal",
              "Path": "home/z_zhanji_h.png",
              "Plist": ""
            },
            "NormalFileData": {
              "Type": "Normal",
              "Path": "home/z_zhanji.png",
              "Plist": ""
            },
            "Scale9Enable": true,
            "Scale9OriginX": 15,
            "Scale9OriginY": 11,
            "Scale9Width": 32,
            "Scale9Height": 70,
            "OutlineColor": {
              "G": 0,
              "B": 0
            },
            "ShadowColor": {
              "R": 110,
              "G": 110,
              "B": 110
            },
            "ShadowOffsetX": 2.0,
            "ShadowOffsetY": -2.0,
            "TouchEnable": true,
            "AnchorPoint": {
              "ScaleX": 0.5,
              "ScaleY": 0.5
            },
            "Position": {
              "X": 136.3153,
              "Y": 61.5488
            },
            "Scale": {
              "ScaleX": 1.05,
              "ScaleY": 1.05
            },
            "CColor": {},
            "IconVisible": false,
            "PrePosition": {
              "X": 0.1065,
              "Y": 0.0855
            },
            "PreSize": {
              "X": 0.0484,
              "Y": 0.1278
            },
            "LeftMargin": 105.3153,
            "RightMargin": 1112.6847,
            "TopMargin": 612.4512,
            "BottomMargin": 15.5488,
            "Tag": 12,
            "ActionTag": -824514510,
            "Size": {
              "X": 62.0,
              "Y": 92.0
            },
            "Name": "history",
            "ctype": "ButtonObjectData"
          },
          {
            "FontSize": 14,
            "ButtonText": "",
            "TextColor": {
              "R": 65,
              "G": 65,
              "B": 70
            },
            "DisabledFileData": {
              "Type": "Default",
              "Path": "Default/Button_Disable.png",
              "Plist": ""
            },
            "PressedFileData": {
              "Type": "Normal",
              "Path": "home/notice_btn_h.png",
              "Plist": ""
            },
            "NormalFileData": {
              "Type": "Normal",
              "Path": "home/notice_btn_n.png",
              "Plist": ""
            },
            "Scale9Enable": true,
            "Scale9OriginX": 15,
            "Scale9OriginY": 11,
            "Scale9Width": 34,
            "Scale9Height": 74,
            "OutlineColor": {
              "G": 0,
              "B": 0
            },
            "ShadowColor": {
              "R": 110,
              "G": 110,
              "B": 110
            },
            "ShadowOffsetX": 2.0,
            "ShadowOffsetY": -2.0,
            "TouchEnable": true,
            "AnchorPoint": {
              "ScaleX": 0.5,
              "ScaleY": 0.5
            },
            "Position": {
              "X": 58.2884,
              "Y": 61.2488
            },
            "Scale": {
              "ScaleX": 1.0,
              "ScaleY": 1.0
            },
            "CColor": {},
            "IconVisible": false,
            "PrePosition": {
              "X": 0.0455,
              "Y": 0.0851
            },
            "PreSize": {
              "X": 0.05,
              "Y": 0.1333
            },
            "LeftMargin": 26.2884,
            "RightMargin": 1189.7115,
            "TopMargin": 610.7512,
            "BottomMargin": 13.2488,
            "Tag": 222,
            "ActionTag": -1862757917,
            "Size": {
              "X": 64.0,
              "Y": 96.0
            },
            "Name": "notice",
            "ctype": "ButtonObjectData"
          },
          {
            "FontSize": 14,
            "ButtonText": "",
            "TextColor": {
              "R": 65,
              "G": 65,
              "B": 70
            },
            "DisabledFileData": {
              "Type": "Default",
              "Path": "Default/Button_Disable.png",
              "Plist": ""
            },
            "PressedFileData": {
              "Type": "Normal",
              "Path": "home/z_shangcheng_h.png",
              "Plist": ""
            },
            "NormalFileData": {
              "Type": "Normal",
              "Path": "home/z_shangcheng.png",
              "Plist": ""
            },
            "Scale9Enable": true,
            "Scale9OriginX": 15,
            "Scale9OriginY": 11,
            "Scale9Width": 31,
            "Scale9Height": 74,
            "OutlineColor": {
              "G": 0,
              "B": 0
            },
            "ShadowColor": {
              "R": 110,
              "G": 110,
              "B": 110
            },
            "ShadowOffsetX": 2.0,
            "ShadowOffsetY": -2.0,
            "TouchEnable": true,
            "AnchorPoint": {
              "ScaleX": 0.5,
              "ScaleY": 0.5
            },
            "Position": {
              "X": 521.0707,
              "Y": 60.2888
            },
            "Scale": {
              "ScaleX": 0.98,
              "ScaleY": 0.98
            },
            "CColor": {},
            "IconVisible": false,
            "PrePosition": {
              "X": 0.4071,
              "Y": 0.0837
            },
            "PreSize": {
              "X": 0.0477,
              "Y": 0.1333
            },
            "LeftMargin": 490.5707,
            "RightMargin": 728.4293,
            "TopMargin": 611.7112,
            "BottomMargin": 12.2888,
            "Tag": 26,
            "ActionTag": 987455695,
            "Size": {
              "X": 61.0,
              "Y": 96.0
            },
            "Name": "shop",
            "ctype": "ButtonObjectData"
          },
          {
            "FontSize": 14,
            "ButtonText": "",
            "TextColor": {
              "R": 65,
              "G": 65,
              "B": 70
            },
            "DisabledFileData": {
              "Type": "Default",
              "Path": "Default/Button_Disable.png",
              "Plist": ""
            },
            "PressedFileData": {
              "Type": "Normal",
              "Path": "home/fenxiang_dianji.png",
              "Plist": ""
            },
            "NormalFileData": {
              "Type": "Normal",
              "Path": "home/fenxiang.png",
              "Plist": ""
            },
            "Scale9Enable": true,
            "Scale9OriginX": 15,
            "Scale9OriginY": 11,
            "Scale9Width": 32,
            "Scale9Height": 72,
            "OutlineColor": {
              "G": 0,
              "B": 0
            },
            "ShadowColor": {
              "R": 110,
              "G": 110,
              "B": 110
            },
            "ShadowOffsetX": 2.0,
            "ShadowOffsetY": -2.0,
            "TouchEnable": true,
            "AnchorPoint": {
              "ScaleX": 0.5,
              "ScaleY": 0.5
            },
            "Position": {
              "X": 446.7032,
              "Y": 60.2489
            },
            "Scale": {
              "ScaleX": 1.0,
              "ScaleY": 1.0
            },
            "CColor": {},
            "IconVisible": false,
            "PrePosition": {
              "X": 0.349,
              "Y": 0.0837
            },
            "PreSize": {
              "X": 0.0484,
              "Y": 0.1306
            },
            "LeftMargin": 415.7032,
            "RightMargin": 802.2969,
            "TopMargin": 612.7512,
            "BottomMargin": 13.2489,
            "Tag": 26,
            "ActionTag": 658891916,
            "Size": {
              "X": 62.0,
              "Y": 94.0
            },
            "Name": "fenxiang",
            "ctype": "ButtonObjectData"
          },
          {
            "FontSize": 14,
            "ButtonText": "",
            "TextColor": {
              "R": 65,
              "G": 65,
              "B": 70
            },
            "DisabledFileData": {
              "Type": "Default",
              "Path": "Default/Button_Disable.png",
              "Plist": ""
            },
            "PressedFileData": {
              "Type": "Normal",
              "Path": "home/joingame1.png",
              "Plist": ""
            },
            "NormalFileData": {
              "Type": "Normal",
              "Path": "home/joinGame.png",
              "Plist": ""
            },
            "Scale9OriginX": 15,
            "Scale9OriginY": 11,
            "Scale9Width": 209,
            "Scale9Height": 297,
            "OutlineColor": {
              "G": 0,
              "B": 0
            },
            "ShadowColor": {
              "R": 110,
              "G": 110,
              "B": 110
            },
            "ShadowOffsetX": 2.0,
            "ShadowOffsetY": -2.0,
            "TouchEnable": true,
            "AnchorPoint": {
              "ScaleX": 0.5,
              "ScaleY": 0.5
            },
            "Position": {
              "X": 292.2637,
              "Y": 344.1371
            },
            "Scale": {
              "ScaleX": 1.0,
              "ScaleY": 1.0
            },
            "CColor": {},
            "IconVisible": false,
            "PrePosition": {
              "X": 0.2283,
              "Y": 0.478
            },
            "PreSize": {
              "X": 0.1867,
              "Y": 0.4431
            },
            "LeftMargin": 172.7637,
            "RightMargin": 868.2363,
            "TopMargin": 216.3629,
            "BottomMargin": 184.6371,
            "Tag": 13,
            "ActionTag": 1115676696,
            "Size": {
              "X": 239.0,
              "Y": 319.0
            },
            "Name": "joinRoom",
            "ctype": "ButtonObjectData"
          },
          {
            "FontSize": 14,
            "ButtonText": "",
            "TextColor": {
              "R": 65,
              "G": 65,
              "B": 70
            },
            "DisabledFileData": {
              "Type": "Default",
              "Path": "Default/Button_Disable.png",
              "Plist": ""
            },
            "PressedFileData": {
              "Type": "Normal",
              "Path": "home/Z_chuangjianfangjian__button_h.png",
              "Plist": ""
            },
            "NormalFileData": {
              "Type": "Normal",
              "Path": "home/Z_chuangjianfangjian__button.png",
              "Plist": ""
            },
            "Scale9OriginX": 15,
            "Scale9OriginY": 11,
            "Scale9Width": 209,
            "Scale9Height": 295,
            "OutlineColor": {
              "G": 0,
              "B": 0
            },
            "ShadowColor": {
              "R": 110,
              "G": 110,
              "B": 110
            },
            "ShadowOffsetX": 2.0,
            "ShadowOffsetY": -2.0,
            "TouchEnable": true,
            "AnchorPoint": {
              "ScaleX": 0.5,
              "ScaleY": 0.5
            },
            "Position": {
              "X": 625.4789,
              "Y": 341.0877
            },
            "Scale": {
              "ScaleX": 1.0,
              "ScaleY": 1.0
            },
            "CColor": {},
            "IconVisible": false,
            "PrePosition": {
              "X": 0.4887,
              "Y": 0.4737
            },
            "PreSize": {
              "X": 0.1867,
              "Y": 0.4403
            },
            "LeftMargin": 505.9789,
            "RightMargin": 535.0211,
            "TopMargin": 220.4123,
            "BottomMargin": 182.5877,
            "Tag": 14,
            "ActionTag": 223537517,
            "Size": {
              "X": 239.0,
              "Y": 317.0
            },
            "Name": "createRoom",
            "ctype": "ButtonObjectData"
          },
          {
            "FontSize": 14,
            "ButtonText": "",
            "TextColor": {
              "R": 65,
              "G": 65,
              "B": 70
            },
            "DisabledFileData": {
              "Type": "Default",
              "Path": "Default/Button_Disable.png",
              "Plist": ""
            },
            "PressedFileData": {
              "Type": "Normal",
              "Path": "home/Z_jinbichang_button-67.png",
              "Plist": ""
            },
            "NormalFileData": {
              "Type": "Normal",
              "Path": "home/Z_jinbichang_button.png",
              "Plist": ""
            },
            "Scale9OriginX": 15,
            "Scale9OriginY": 11,
            "Scale9Width": 209,
            "Scale9Height": 295,
            "OutlineColor": {
              "G": 0,
              "B": 0
            },
            "ShadowColor": {
              "R": 110,
              "G": 110,
              "B": 110
            },
            "ShadowOffsetX": 2.0,
            "ShadowOffsetY": -2.0,
            "TouchEnable": true,
            "AnchorPoint": {
              "ScaleX": 0.5,
              "ScaleY": 0.5
            },
            "Position": {
              "X": 953.1408,
              "Y": 342.0877
            },
            "Scale": {
              "ScaleX": 1.0,
              "ScaleY": 1.0
            },
            "CColor": {},
            "IconVisible": false,
            "PrePosition": {
              "X": 0.7446,
              "Y": 0.4751
            },
            "PreSize": {
              "X": 0.1867,
              "Y": 0.4403
            },
            "LeftMargin": 833.6408,
            "RightMargin": 207.3591,
            "TopMargin": 219.4123,
            "BottomMargin": 183.5877,
            "Tag": 15,
            "ActionTag": -289939174,
            "Size": {
              "X": 239.0,
              "Y": 317.0
            },
            "Name": "coinRoom",
            "ctype": "ButtonObjectData"
          },
          {
            "FileData": {
              "Type": "Normal",
              "Path": "home/z_biaoti.png",
              "Plist": ""
            },
            "Scale9OriginX": 102,
            "Scale9OriginY": 34,
            "Scale9Width": 199,
            "Scale9Height": 79,
            "AnchorPoint": {
              "ScaleX": 0.5,
              "ScaleY": 0.5
            },
            "Position": {
              "X": 642.2696,
              "Y": 675.7769
            },
            "Scale": {
              "ScaleX": 1.0,
              "ScaleY": 1.0
            },
            "CColor": {},
            "IconVisible": false,
            "PrePosition": {
              "X": 0.5018,
              "Y": 0.9386
            },
            "PreSize": {
              "X": 0.243,
              "Y": 0.1444
            },
            "LeftMargin": 486.7696,
            "RightMargin": 482.2304,
            "TopMargin": -7.7769,
            "BottomMargin": 623.7769,
            "Tag": 16,
            "Children": [
              {
                "InnerNodeSize": {
                  "Width": 990,
                  "Height": 43
                },
                "ScrollDirectionType": "Horizontal",
                "ClipAble": true,
                "BackColorAlpha": 12,
                "FileData": {
                  "Type": "Normal",
                  "Path": "png/paomadengbeijing.png",
                  "Plist": ""
                },
                "ComboBoxIndex": 1,
                "SingleColor": {
                  "G": 150,
                  "B": 100
                },
                "FirstColor": {
                  "G": 150,
                  "B": 100
                },
                "EndColor": {},
                "ColorVector": {
                  "ScaleY": 1.0
                },
                "Scale9OriginX": 294,
                "Scale9OriginY": 14,
                "Scale9Width": 404,
                "Scale9Height": 17,
                "TouchEnable": true,
                "AnchorPoint": {
                  "ScaleX": 0.5,
                  "ScaleY": 0.5
                },
                "Position": {
                  "X": 168.7873,
                  "Y": -89.1192
                },
                "Scale": {
                  "ScaleX": 1.0,
                  "ScaleY": 1.0
                },
                "CColor": {},
                "IconVisible": false,
                "PrePosition": {
                  "X": 0.5427,
                  "Y": -0.8569
                },
                "PreSize": {
                  "X": 3.1833,
                  "Y": 0.4135
                },
                "LeftMargin": -326.2127,
                "RightMargin": -352.7873,
                "TopMargin": 171.6192,
                "BottomMargin": -110.6192,
                "Tag": 43,
                "Children": [
                  {
                    "FontSize": 36,
                    "LabelText": "Text LabelText LabelText LabelText LabelText LabelText LabelText LabelText LabelText LabelText Label",
                    "OutlineColor": {
                      "G": 0,
                      "B": 0
                    },
                    "ShadowColor": {
                      "R": 110,
                      "G": 110,
                      "B": 110
                    },
                    "ShadowOffsetX": 2.0,
                    "ShadowOffsetY": -2.0,
                    "AnchorPoint": {
                      "ScaleX": 0.5,
                      "ScaleY": 0.5
                    },
                    "Position": {
                      "X": 495.0,
                      "Y": 21.5
                    },
                    "Scale": {
                      "ScaleX": 0.7,
                      "ScaleY": 0.7
                    },
                    "CColor": {
                      "G": 223,
                      "B": 120
                    },
                    "IconVisible": false,
                    "PositionPercentXEnabled": true,
                    "PositionPercentYEnabled": true,
                    "PrePosition": {
                      "X": 0.5,
                      "Y": 0.5
                    },
                    "PreSize": {
                      "X": 1.8182,
                      "Y": 0.8372
                    },
                    "LeftMargin": -405.0,
                    "RightMargin": -405.0,
                    "TopMargin": 3.5,
                    "BottomMargin": 3.5,
                    "Tag": 44,
                    "ActionTag": -1832792330,
                    "Size": {
                      "X": 1800.0,
                      "Y": 36.0
                    },
                    "Name": "msg",
                    "ctype": "TextObjectData"
                  }
                ],
                "ActionTag": 976010434,
                "Size": {
                  "X": 990.0,
                  "Y": 43.0
                },
                "Name": "scroll",
                "ctype": "ScrollViewObjectData"
              },
              {
                "FileData": {
                  "Type": "Normal",
                  "Path": "home/homelaba.png",
                  "Plist": ""
                },
                "BlendFunc": {
                  "Src": 1,
                  "Dst": 771
                },
                "AnchorPoint": {
                  "ScaleX": 0.5,
                  "ScaleY": 0.5
                },
                "Position": {
                  "X": -308.478,
                  "Y": -91.4042
                },
                "Scale": {
                  "ScaleX": 1.0,
                  "ScaleY": 1.0
                },
                "CColor": {},
                "IconVisible": false,
                "PrePosition": {
                  "X": -0.9919,
                  "Y": -0.8789
                },
                "PreSize": {
                  "X": 0.1608,
                  "Y": 0.5288
                },
                "LeftMargin": -333.478,
                "RightMargin": 594.478,
                "TopMargin": 167.9042,
                "BottomMargin": -118.9042,
                "Tag": 45,
                "ActionTag": -1983627610,
                "Size": {
                  "X": 50.0,
                  "Y": 55.0
                },
                "Name": "laba",
                "ctype": "SpriteObjectData"
              }
            ],
            "ActionTag": 1392491195,
            "Size": {
              "X": 311.0,
              "Y": 104.0
            },
            "Name": "title",
            "ctype": "ImageViewObjectData"
          },
          {
            "FileData": {
              "Type": "Normal",
              "Path": "home/homeHeadCusPic.png",
              "Plist": ""
            },
            "Scale9OriginX": 27,
            "Scale9OriginY": 28,
            "Scale9Width": 52,
            "Scale9Height": 49,
            "TouchEnable": true,
            "AnchorPoint": {
              "ScaleX": 0.5,
              "ScaleY": 0.5
            },
            "Position": {
              "X": 51.0029,
              "Y": 669.1409
            },
            "Scale": {
              "ScaleX": 0.8,
              "ScaleY": 0.8
            },
            "CColor": {},
            "IconVisible": false,
            "PrePosition": {
              "X": 0.0398,
              "Y": 0.9294
            },
            "PreSize": {
              "X": 0.0828,
              "Y": 0.1458
            },
            "LeftMargin": -1.9971,
            "RightMargin": 1175.9971,
            "TopMargin": -1.6409,
            "BottomMargin": 616.6409,
            "Tag": 19,
            "Children": [
              {
                "FontSize": 24,
                "LabelText": "Text Labelsdfsd fds",
                "OutlineColor": {
                  "G": 0,
                  "B": 0
                },
                "ShadowColor": {
                  "R": 110,
                  "G": 110,
                  "B": 110
                },
                "ShadowOffsetX": 2.0,
                "ShadowOffsetY": -2.0,
                "AnchorPoint": {
                  "ScaleY": 0.5
                },
                "Position": {
                  "X": 116.5852,
                  "Y": 91.054
                },
                "Scale": {
                  "ScaleX": 1.0,
                  "ScaleY": 1.0
                },
                "CColor": {
                  "R": 250,
                  "G": 214,
                  "B": 82
                },
                "IconVisible": false,
                "PrePosition": {
                  "X": 1.0999,
                  "Y": 0.8672
                },
                "PreSize": {
                  "X": 2.1509,
                  "Y": 0.2286
                },
                "LeftMargin": 116.5852,
                "RightMargin": -238.5852,
                "TopMargin": 1.946,
                "BottomMargin": 79.054,
                "Tag": 21,
                "ActionTag": -211654441,
                "Size": {
                  "X": 228.0,
                  "Y": 24.0
                },
                "Name": "name",
                "ctype": "TextObjectData"
              },
              {
                "FontSize": 24,
                "LabelText": "ID:000000",
                "OutlineColor": {
                  "G": 0,
                  "B": 0
                },
                "ShadowColor": {
                  "R": 110,
                  "G": 110,
                  "B": 110
                },
                "ShadowOffsetX": 2.0,
                "ShadowOffsetY": -2.0,
                "AnchorPoint": {
                  "ScaleY": 0.5
                },
                "Position": {
                  "X": 116.8631,
                  "Y": 64.9725
                },
                "Scale": {
                  "ScaleX": 1.0,
                  "ScaleY": 1.0
                },
                "CColor": {
                  "R": 250,
                  "G": 214,
                  "B": 82
                },
                "IconVisible": false,
                "PrePosition": {
                  "X": 1.1025,
                  "Y": 0.6188
                },
                "PreSize": {
                  "X": 1.0189,
                  "Y": 0.2286
                },
                "LeftMargin": 116.8631,
                "RightMargin": -118.8631,
                "TopMargin": 28.0275,
                "BottomMargin": 52.9725,
                "Tag": 29,
                "ActionTag": 1586943178,
                "Size": {
                  "X": 108.0,
                  "Y": 24.0
                },
                "Name": "uid",
                "ctype": "TextObjectData"
              },
              {
                "FileData": {
                  "Type": "Normal",
                  "Path": "png/fangkaxiaobeijing.png",
                  "Plist": ""
                },
                "Scale9Enable": true,
                "Scale9OriginX": 27,
                "Scale9OriginY": 14,
                "Scale9Width": 201,
                "Scale9Height": 17,
                "AnchorPoint": {
                  "ScaleX": 0.5,
                  "ScaleY": 0.5
                },
                "Position": {
                  "X": 220.9527,
                  "Y": 26.2738
                },
                "Scale": {
                  "ScaleX": 1.1,
                  "ScaleY": 1.1
                },
                "CColor": {},
                "IconVisible": false,
                "PrePosition": {
                  "X": 2.0845,
                  "Y": 0.2502
                },
                "PreSize": {
                  "X": 1.8868,
                  "Y": 0.4286
                },
                "LeftMargin": 120.9527,
                "RightMargin": -214.9527,
                "TopMargin": 56.2262,
                "BottomMargin": 3.7738,
                "Tag": 27,
                "Children": [
                  {
                    "FontSize": 14,
                    "ButtonText": "",
                    "TextColor": {
                      "R": 65,
                      "G": 65,
                      "B": 70
                    },
                    "DisabledFileData": {
                      "Type": "Default",
                      "Path": "Default/Button_Disable.png",
                      "Plist": ""
                    },
                    "PressedFileData": {
                      "Type": "Normal",
                      "Path": "home/z_plus_h.png",
                      "Plist": ""
                    },
                    "NormalFileData": {
                      "Type": "Normal",
                      "Path": "home/z_plus_h-42.png",
                      "Plist": ""
                    },
                    "Scale9Enable": true,
                    "Scale9OriginX": 15,
                    "Scale9OriginY": 11,
                    "Scale9Width": 16,
                    "Scale9Height": 24,
                    "OutlineColor": {
                      "G": 0,
                      "B": 0
                    },
                    "ShadowColor": {
                      "R": 110,
                      "G": 110,
                      "B": 110
                    },
                    "ShadowOffsetX": 2.0,
                    "ShadowOffsetY": -2.0,
                    "TouchEnable": true,
                    "AnchorPoint": {
                      "ScaleX": 0.5,
                      "ScaleY": 0.5
                    },
                    "Position": {
                      "X": 195.5844,
                      "Y": 20.5541
                    },
                    "Scale": {
                      "ScaleX": 1.0,
                      "ScaleY": 1.0
                    },
                    "CColor": {},
                    "IconVisible": false,
                    "PrePosition": {
                      "X": 0.9779,
                      "Y": 0.4568
                    },
                    "PreSize": {
                      "X": 0.23,
                      "Y": 1.0222
                    },
                    "LeftMargin": 172.5844,
                    "RightMargin": -18.5844,
                    "TopMargin": 1.4459,
                    "BottomMargin": -2.4459,
                    "Tag": 28,
                    "ActionTag": 1932920716,
                    "Size": {
                      "X": 46.0,
                      "Y": 46.0
                    },
                    "Name": "buyMoney",
                    "ctype": "ButtonObjectData"
                  },
                  {
                    "FontSize": 30,
                    "LabelText": "99999",
                    "OutlineColor": {
                      "G": 0,
                      "B": 0
                    },
                    "ShadowColor": {
                      "R": 110,
                      "G": 110,
                      "B": 110
                    },
                    "ShadowOffsetX": 2.0,
                    "ShadowOffsetY": -2.0,
                    "AnchorPoint": {
                      "ScaleX": 0.5,
                      "ScaleY": 0.5
                    },
                    "Position": {
                      "X": 112.7197,
                      "Y": 23.8583
                    },
                    "Scale": {
                      "ScaleX": 1.0,
                      "ScaleY": 1.0
                    },
                    "CColor": {
                      "B": 0
                    },
                    "IconVisible": false,
                    "PrePosition": {
                      "X": 0.5636,
                      "Y": 0.5302
                    },
                    "PreSize": {
                      "X": 0.375,
                      "Y": 0.6667
                    },
                    "LeftMargin": 75.2197,
                    "RightMargin": 49.7803,
                    "TopMargin": 6.1417,
                    "BottomMargin": 8.8583,
                    "Tag": 29,
                    "ActionTag": 1372598203,
                    "Size": {
                      "X": 75.0,
                      "Y": 30.0
                    },
                    "Name": "money",
                    "ctype": "TextObjectData"
                  },
                  {
                    "FileData": {
                      "Type": "Normal",
                      "Path": "home/z_zhuangshi.png",
                      "Plist": ""
                    },
                    "Scale9OriginX": 11,
                    "Scale9OriginY": 12,
                    "Scale9Width": 76,
                    "Scale9Height": 61,
                    "AnchorPoint": {
                      "ScaleX": 0.5,
                      "ScaleY": 0.5
                    },
                    "Position": {
                      "X": 30.4352,
                      "Y": 25.0865
                    },
                    "Scale": {
                      "ScaleX": 0.65,
                      "ScaleY": 0.65
                    },
                    "CColor": {},
                    "IconVisible": false,
                    "PrePosition": {
                      "X": 0.1522,
                      "Y": 0.5575
                    },
                    "PreSize": {
                      "X": 0.49,
                      "Y": 1.8889
                    },
                    "LeftMargin": -18.5648,
                    "RightMargin": 120.5648,
                    "TopMargin": -22.5865,
                    "BottomMargin": -17.4135,
                    "Tag": 30,
                    "ActionTag": 1928396396,
                    "Size": {
                      "X": 98.0,
                      "Y": 85.0
                    },
                    "Name": "coinimg",
                    "ctype": "ImageViewObjectData"
                  }
                ],
                "ActionTag": -2138068516,
                "Size": {
                  "X": 200.0,
                  "Y": 45.0
                },
                "Name": "moneyback",
                "ctype": "ImageViewObjectData"
              },
              {
                "FileData": {
                  "Type": "Normal",
                  "Path": "png/fangkaxiaobeijing.png",
                  "Plist": ""
                },
                "Scale9Enable": true,
                "Scale9OriginX": 27,
                "Scale9OriginY": 14,
                "Scale9Width": 201,
                "Scale9Height": 17,
                "AnchorPoint": {
                  "ScaleX": 0.5,
                  "ScaleY": 0.5
                },
                "Position": {
                  "X": 468.4526,
                  "Y": 26.7736
                },
                "Scale": {
                  "ScaleX": 1.1,
                  "ScaleY": 1.1
                },
                "CColor": {},
                "IconVisible": false,
                "PrePosition": {
                  "X": 4.4194,
                  "Y": 0.255
                },
                "PreSize": {
                  "X": 1.8868,
                  "Y": 0.4286
                },
                "LeftMargin": 368.4526,
                "RightMargin": -462.4526,
                "TopMargin": 55.7264,
                "BottomMargin": 4.2736,
                "Tag": 372,
                "Children": [
                  {
                    "FontSize": 14,
                    "ButtonText": "",
                    "TextColor": {
                      "R": 65,
                      "G": 65,
                      "B": 70
                    },
                    "DisabledFileData": {
                      "Type": "Default",
                      "Path": "Default/Button_Disable.png",
                      "Plist": ""
                    },
                    "PressedFileData": {
                      "Type": "Normal",
                      "Path": "home/z_plus_h.png",
                      "Plist": ""
                    },
                    "NormalFileData": {
                      "Type": "Normal",
                      "Path": "home/z_plus_h-42.png",
                      "Plist": ""
                    },
                    "Scale9Enable": true,
                    "Scale9OriginX": 15,
                    "Scale9OriginY": 11,
                    "Scale9Width": 16,
                    "Scale9Height": 24,
                    "OutlineColor": {
                      "G": 0,
                      "B": 0
                    },
                    "ShadowColor": {
                      "R": 110,
                      "G": 110,
                      "B": 110
                    },
                    "ShadowOffsetX": 2.0,
                    "ShadowOffsetY": -2.0,
                    "TouchEnable": true,
                    "AnchorPoint": {
                      "ScaleX": 0.5,
                      "ScaleY": 0.5
                    },
                    "Position": {
                      "X": 195.5844,
                      "Y": 20.5541
                    },
                    "Scale": {
                      "ScaleX": 1.0,
                      "ScaleY": 1.0
                    },
                    "CColor": {},
                    "IconVisible": false,
                    "PrePosition": {
                      "X": 0.9779,
                      "Y": 0.4568
                    },
                    "PreSize": {
                      "X": 0.23,
                      "Y": 1.0222
                    },
                    "LeftMargin": 172.5844,
                    "RightMargin": -18.5844,
                    "TopMargin": 1.4459,
                    "BottomMargin": -2.4459,
                    "Tag": 229,
                    "ActionTag": -2097998650,
                    "Size": {
                      "X": 46.0,
                      "Y": 46.0
                    },
                    "Name": "buyCoin",
                    "ctype": "ButtonObjectData"
                  },
                  {
                    "FontSize": 30,
                    "LabelText": "99999",
                    "OutlineColor": {
                      "G": 0,
                      "B": 0
                    },
                    "ShadowColor": {
                      "R": 110,
                      "G": 110,
                      "B": 110
                    },
                    "ShadowOffsetX": 2.0,
                    "ShadowOffsetY": -2.0,
                    "AnchorPoint": {
                      "ScaleX": 0.5,
                      "ScaleY": 0.5
                    },
                    "Position": {
                      "X": 112.7197,
                      "Y": 23.8583
                    },
                    "Scale": {
                      "ScaleX": 1.0,
                      "ScaleY": 1.0
                    },
                    "CColor": {
                      "B": 0
                    },
                    "IconVisible": false,
                    "PrePosition": {
                      "X": 0.5636,
                      "Y": 0.5302
                    },
                    "PreSize": {
                      "X": 0.375,
                      "Y": 0.6667
                    },
                    "LeftMargin": 75.2197,
                    "RightMargin": 49.7803,
                    "TopMargin": 6.1417,
                    "BottomMargin": 8.8583,
                    "Tag": 189,
                    "ActionTag": -205994835,
                    "Size": {
                      "X": 75.0,
                      "Y": 30.0
                    },
                    "Name": "coin",
                    "ctype": "TextObjectData"
                  },
                  {
                    "FileData": {
                      "Type": "Normal",
                      "Path": "home/coin.png",
                      "Plist": ""
                    },
                    "Scale9OriginX": 11,
                    "Scale9OriginY": 12,
                    "Scale9Width": 14,
                    "Scale9Height": 14,
                    "AnchorPoint": {
                      "ScaleX": 0.5,
                      "ScaleY": 0.5
                    },
                    "Position": {
                      "X": 30.4352,
                      "Y": 23.0864
                    },
                    "Scale": {
                      "ScaleX": 0.85,
                      "ScaleY": 0.85
                    },
                    "CColor": {},
                    "IconVisible": false,
                    "PrePosition": {
                      "X": 0.1522,
                      "Y": 0.513
                    },
                    "PreSize": {
                      "X": 0.18,
                      "Y": 0.8444
                    },
                    "LeftMargin": 12.4352,
                    "RightMargin": 151.5648,
                    "TopMargin": 2.9136,
                    "BottomMargin": 4.0864,
                    "Tag": 56,
                    "ActionTag": 2134920052,
                    "Size": {
                      "X": 36.0,
                      "Y": 38.0
                    },
                    "Name": "coinimg_0",
                    "ctype": "ImageViewObjectData"
                  }
                ],
                "ActionTag": 917234548,
                "Size": {
                  "X": 200.0,
                  "Y": 45.0
                },
                "Name": "coinback",
                "ctype": "ImageViewObjectData"
              }
            ],
            "ActionTag": 26555187,
            "Size": {
              "X": 106.0,
              "Y": 105.0
            },
            "Name": "head",
            "ctype": "ImageViewObjectData"
          },
          {
            "FileData": {
              "Type": "Normal",
              "Path": "home/floor_jiankang.png",
              "Plist": ""
            },
            "Scale9OriginX": 89,
            "Scale9OriginY": 45,
            "Scale9Width": 92,
            "Scale9Height": 48,
            "AnchorPoint": {
              "ScaleX": 0.5,
              "ScaleY": 0.5
            },
            "Position": {
              "X": 1125.0339,
              "Y": 76.4004
            },
            "Scale": {
              "ScaleX": 1.0,
              "ScaleY": 1.0
            },
            "CColor": {},
            "IconVisible": false,
            "PrePosition": {
              "X": 0.8789,
              "Y": 0.1061
            },
            "PreSize": {
              "X": 0.2109,
              "Y": 0.1917
            },
            "LeftMargin": 990.0339,
            "RightMargin": 19.9661,
            "TopMargin": 574.5996,
            "BottomMargin": 7.4004,
            "Tag": 111,
            "Children": [
              {
                "FontSize": 20,
                "LabelText": "abcd12345678899addd",
                "OutlineColor": {
                  "G": 0,
                  "B": 0
                },
                "ShadowColor": {
                  "R": 110,
                  "G": 110,
                  "B": 110
                },
                "ShadowOffsetX": 2.0,
                "ShadowOffsetY": -2.0,
                "AnchorPoint": {
                  "ScaleX": 0.5,
                  "ScaleY": 0.5
                },
                "Position": {
                  "X": 177.502,
                  "Y": 37.9683
                },
                "Scale": {
                  "ScaleX": 1.0,
                  "ScaleY": 1.0
                },
                "CColor": {
                  "R": 153,
                  "G": 39,
                  "B": 39
                },
                "IconVisible": false,
                "PrePosition": {
                  "X": 0.6574,
                  "Y": 0.2751
                },
                "PreSize": {
                  "X": 0.7037,
                  "Y": 0.1449
                },
                "LeftMargin": 82.502,
                "RightMargin": -2.502,
                "TopMargin": 90.0317,
                "BottomMargin": 27.9683,
                "Tag": 112,
                "ActionTag": -1175604936,
                "Size": {
                  "X": 190.0,
                  "Y": 20.0
                },
                "Name": "wx",
                "ctype": "TextObjectData"
              }
            ],
            "ActionTag": 1379355028,
            "Size": {
              "X": 270.0,
              "Y": 138.0
            },
            "Name": "jiankang",
            "ctype": "ImageViewObjectData"
          },
          {
            "FontSize": 14,
            "ButtonText": "",
            "TextColor": {
              "R": 65,
              "G": 65,
              "B": 70
            },
            "DisabledFileData": {
              "Type": "Default",
              "Path": "Default/Button_Disable.png",
              "Plist": ""
            },
            "PressedFileData": {
              "Type": "Normal",
              "Path": "home/btn_activity_press.png",
              "Plist": ""
            },
            "NormalFileData": {
              "Type": "Normal",
              "Path": "home/btn_activity_normal.png",
              "Plist": ""
            },
            "Scale9Enable": true,
            "Scale9OriginX": 15,
            "Scale9OriginY": 11,
            "Scale9Width": 56,
            "Scale9Height": 95,
            "OutlineColor": {
              "G": 0,
              "B": 0
            },
            "ShadowColor": {
              "R": 110,
              "G": 110,
              "B": 110
            },
            "ShadowOffsetX": 2.0,
            "ShadowOffsetY": -2.0,
            "TouchEnable": true,
            "AnchorPoint": {
              "ScaleX": 0.5,
              "ScaleY": 0.5
            },
            "Position": {
              "X": 367.2613,
              "Y": 59.1223
            },
            "Scale": {
              "ScaleX": 0.8131,
              "ScaleY": 0.7842
            },
            "CColor": {},
            "IconVisible": false,
            "PrePosition": {
              "X": 0.2869,
              "Y": 0.0821
            },
            "PreSize": {
              "X": 0.0672,
              "Y": 0.1625
            },
            "LeftMargin": 324.2613,
            "RightMargin": 869.7387,
            "TopMargin": 602.3777,
            "BottomMargin": 0.6223,
            "Tag": 29,
            "Children": [
              {
                "FileData": {
                  "Type": "Normal",
                  "Path": "home/zhuangshi.png",
                  "Plist": ""
                },
                "Scale9OriginX": 20,
                "Scale9OriginY": 19,
                "Scale9Width": 22,
                "Scale9Height": 20,
                "AnchorPoint": {
                  "ScaleX": 0.5,
                  "ScaleY": 0.5
                },
                "Position": {
                  "X": 45.9641,
                  "Y": 50.5956
                },
                "Scale": {
                  "ScaleX": 0.6,
                  "ScaleY": 0.6
                },
                "CColor": {},
                "IconVisible": false,
                "PrePosition": {
                  "X": 0.5345,
                  "Y": 0.4324
                },
                "PreSize": {
                  "X": 0.7209,
                  "Y": 0.4957
                },
                "LeftMargin": 14.9641,
                "RightMargin": 9.0359,
                "TopMargin": 37.4044,
                "BottomMargin": 21.5956,
                "Tag": 30,
                "ActionTag": 982058997,
                "Size": {
                  "X": 62.0,
                  "Y": 58.0
                },
                "Name": "noticeImage",
                "ctype": "ImageViewObjectData"
              }
            ],
            "ActionTag": 980486559,
            "Size": {
              "X": 86.0,
              "Y": 117.0
            },
            "Name": "btn_activity",
            "ctype": "ButtonObjectData"
          }
        ],
        "Size": {
          "X": 1280.0,
          "Y": 720.0
        },
        "Name": "Layer",
        "ctype": "LayerObjectData"
      },
      "UsedResources": [
        "Default/Button_Disable.png",
        "home/btn_activity_normal.png",
        "home/btn_activity_press.png",
        "home/coin.png",
        "home/fenxiang.png",
        "home/fenxiang_dianji.png",
        "home/floor_jiankang.png",
        "home/hallBg.png",
        "home/homeHeadCusPic.png",
        "home/homelaba.png",
        "home/joinGame.png",
        "home/joingame1.png",
        "home/notice_btn_h.png",
        "home/notice_btn_n.png",
        "home/z_bangzhu.png",
        "home/z_bangzhu_h.png",
        "home/z_biaoti.png",
        "home/Z_chuangjianfangjian__button.png",
        "home/Z_chuangjianfangjian__button_h.png",
        "home/Z_jinbichang_button.png",
        "home/Z_jinbichang_button-67.png",
        "home/z_plus_h.png",
        "home/z_plus_h-42.png",
        "home/z_shangcheng.png",
        "home/z_shangcheng_h.png",
        "home/z_shezhi.png",
        "home/z_shezhi_h.png",
        "home/z_zhanji.png",
        "home/z_zhanji_h.png",
        "home/z_zhuangshi.png",
        "home/zhuangshi.png",
        "png/fangkaxiaobeijing.png",
        "png/paomadengbeijing.png"
      ],
      "ctype": "GameFileData"
    }
  },
  "Type": "Layer"
}